,nodeA,nodeB
0,0,0
1,0,99
2,0,111
3,0,381
4,0,415
5,0,514
6,0,585
7,0,690
8,0,691
9,0,783
10,0,784
11,0,954
12,1,153
13,1,732
14,1,1937
15,2177,2903
16,1011,1034
17,1011,2028
18,1011,2029
19,2179,2200
20,2,962
21,1012,2181
22,1012,2031
23,1013,1417
24,1013,1427
25,1013,1545
26,1013,2024
27,1014,1059
28,1014,1365
29,1014,1378
30,1015,1236
31,1015,1439
32,1015,1440
33,1015,2093
34,2183,2677
35,2183,845
36,2183,3156
37,1016,2138
38,3,634
39,2184,2306
40,2184,2356
41,2185,2539
42,1017,1264
43,1017,1549
44,1017,591
45,1018,1524
46,4,588
47,2186,3139
48,1019,609
49,1019,2064
50,2187,2666
51,5,36
52,5,63
53,5,97
54,5,603
55,5,949
56,1021,1176
57,6,64
58,6,682
59,1022,1907
60,1023,1875
61,2188,3300
62,1024,1527
63,2189,2303
64,2189,2634
65,2190,3145
66,8,868
67,8,1986
68,1029,1100
69,1029,1109
70,1029,1248
71,2192,2488
72,1030,1244
73,1031,1487
74,1031,1488
75,1031,1645
76,1031,1872
77,1032,2117
78,9,158
79,9,202
80,9,260
81,9,559
82,9,820
83,9,970
84,11,387
85,11,945
86,1033,1759
87,1033,2014
88,1033,2015
89,1034,1665
90,1034,1666
91,1035,1491
92,1036,1485
93,1037,1042
94,1037,1309
95,1037,1679
96,2195,2195
97,2195,2209
98,2196,55
99,2196,3279
100,2197,2504
101,2198,2198
102,2199,3025
103,1038,1107
104,1038,1174
105,1038,1404
106,1038,1536
107,1038,1636
108,1038,1682
109,1038,1769
110,1039,1212
111,1040,1076
112,1040,1078
113,1040,1309
114,1040,1679
115,1041,2036
116,2201,2201
117,2202,2460
118,2202,779
119,2202,828
120,2202,3162
121,1042,1037
122,1042,1679
123,2203,2911
124,1043,1138
125,1043,1828
126,1043,1893
127,1043,2139
128,1043,2165
129,2205,2899
130,2205,2900
131,1044,1274
132,1045,1453
133,1045,1704
134,1045,1705
135,1045,1944
136,1045,1954
137,1045,1955
138,1045,1980
139,1045,2002
140,1046,1286
141,1046,1302
142,1046,1521
143,1046,1532
144,1046,1891
145,1046,1902
146,1046,2024
147,1047,1127
148,1047,1442
149,1047,1613
150,1047,1636
151,1047,1679
152,1047,1776
153,2206,2675
154,2206,3099
155,1048,1028
156,2207,2632
157,2207,2855
158,1049,1049
159,1050,1168
160,1050,1254
161,12,508
162,12,1741
163,12,777
164,1051,1253
165,1051,2121
166,2210,2275
167,2210,1707
168,1054,1491
169,1055,1961
170,1055,1962
171,1055,1963
172,13,250
173,14,868
174,2211,2326
175,1056,1056
176,1056,1161
177,2212,2423
178,2212,2474
179,2212,3132
180,1057,1254
181,16,145
182,2213,2244
183,2213,3258
184,1058,1236
185,1058,2024
186,2214,2845
187,2214,976
188,1059,1014
189,1059,1365
190,1059,1378
191,18,59
192,20,6
193,2217,3037
194,1060,1123
195,2218,3194
196,21,1678
197,21,680
198,22,118
199,22,303
200,22,335
201,22,455
202,22,469
203,22,599
204,22,668
205,22,899
206,2219,2391
207,2220,2220
208,2221,2513
209,2221,2665
210,2221,3115
211,23,309
212,23,704
213,24,127
214,24,392
215,24,406
216,24,685
217,24,947
218,24,952
219,1061,1943
220,1063,1229
221,1063,1707
222,2222,2567
223,1064,1811
224,25,69
225,25,357
226,25,655
227,25,683
228,25,888
229,2224,2779
230,2224,2780
231,27,393
232,1065,1093
233,2225,2398
234,2226,2341
235,1066,1171
236,1066,1961
237,1066,1962
238,1066,1963
239,2228,3299
240,1067,1236
241,1067,1251
242,2229,2597
243,2231,2231
244,1068,1209
245,1068,235
246,1068,1515
247,1068,592
248,1068,1718
249,1068,2115
250,2232,2540
251,2232,3033
252,2232,3203
253,2233,2698
254,2233,3158
255,2235,2235
256,2235,2992
257,1070,1236
258,1071,1744
259,28,48
260,28,54
261,28,105
262,28,106
263,28,153
264,28,633
265,28,987
266,2236,2193
267,30,1203
268,30,1239
269,30,1282
270,30,1650
271,30,1788
272,30,1991
273,30,2064
274,30,2149
275,1073,1075
276,29,740
277,29,793
278,29,818
279,29,859
280,31,2202
281,31,1282
282,31,1357
283,31,297
284,31,1489
285,31,2665
286,31,2774
287,31,2812
288,31,1740
289,31,646
290,31,732
291,31,3028
292,31,779
293,31,882
294,31,2082
295,1075,1169
296,1076,1078
297,1077,1527
298,1078,1190
299,1078,1600
300,32,592
301,32,665
302,32,686
303,32,687
304,32,697
305,32,845
306,1079,1227
307,1079,1245
308,1079,1651
309,1079,1742
310,1079,1823
311,1079,1931
312,2241,2691
313,1080,1189
314,1080,1195
315,1080,1583
316,1081,1141
317,1081,1950
318,2242,2665
319,33,260
320,2243,2324
321,2243,3074
322,1083,1083
323,1083,1196
324,1083,1390
325,1083,1439
326,1083,1440
327,1083,1912
328,1083,1939
329,1083,2093
330,34,180
331,34,366
332,34,1587
333,34,573
334,34,697
335,34,828
336,34,829
337,2245,2310
338,2245,2390
339,2245,2483
340,1084,2158
341,1086,1480
342,1088,1236
343,35,92
344,35,500
345,1090,1107
346,1090,1174
347,1090,1404
348,1090,1608
349,2246,2246
350,2246,3034
351,1092,2009
352,37,1267
353,37,182
354,37,2464
355,37,310
356,37,444
357,37,1724
358,37,828
359,1093,2026
360,2248,2746
361,1094,1317
362,1094,1676
363,39,1010
364,40,146
365,40,148
366,40,177
367,40,411
368,40,480
369,40,621
370,40,625
371,1096,1490
372,1098,133
373,41,418
374,41,2773
375,2249,2249
376,1100,1579
377,1100,1723
378,2250,2904
379,1101,1118
380,1101,1441
381,1101,1609
382,1101,1840
383,1101,1864
384,1101,2132
385,1101,2133
386,1101,2170
387,1101,2171
388,1102,1673
389,1102,1958
390,2252,3310
391,44,632
392,44,868
393,1103,2103
394,45,733
395,45,751
396,2256,2256
397,2256,2871
398,2257,3021
399,2258,2476
400,2258,2737
401,1106,1132
402,1106,1339
403,2259,2427
404,2259,2442
405,2259,2744
406,1107,1200
407,1107,1404
408,1107,1425
409,1108,1317
410,1108,1676
411,2261,2306
412,2261,2356
413,2262,2412
414,2263,2951
415,2263,1813
416,2263,2959
417,2264,2223
418,2265,2204
419,47,213
420,47,778
421,48,106
422,1113,1395
423,1114,1187
424,1114,2058
425,1114,2059
426,1114,2104
427,51,355
428,51,356
429,51,438
430,51,470
431,51,481
432,51,516
433,51,597
434,2273,2273
435,1116,1893
436,1116,2139
437,53,161
438,53,309
439,2274,3127
440,2274,2044
441,1119,1119
442,1119,2036
443,1120,1210
444,1120,1256
445,1120,1604
446,1120,1606
447,1120,1818
448,55,3279
449,55,971
450,56,1824
451,56,3291
452,57,1127
453,57,1253
454,57,157
455,57,1536
456,57,1608
457,57,1636
458,57,1682
459,57,1769
460,57,1981
461,58,180
462,58,302
463,58,697
464,2276,626
465,60,443
466,60,586
467,1121,1674
468,1121,2113
469,2277,3029
470,2278,1198
471,2278,1469
472,2278,686
473,2278,3040
474,61,944
475,62,802
476,2281,2198
477,1125,1250
478,1125,1286
479,1125,1302
480,1125,1891
481,1128,1588
482,1129,1937
483,1129,1969
484,1131,1885
485,2282,1518
486,63,949
487,64,91
488,64,210
489,64,239
490,64,569
491,65,152
492,67,54
493,67,105
494,67,176
495,1134,1422
496,1135,1747
497,1136,1494
498,1137,1964
499,2285,2285
500,2285,2616
501,69,355
502,69,356
503,69,516
504,1138,1801
505,1138,2168
506,70,750
507,2288,2311
508,71,190
509,71,939
510,77,813
511,1141,1248
512,1143,1980
513,1143,2103
514,2296,2763
515,1145,1139
516,78,534
517,78,732
518,2298,3023
519,2299,2253
520,2299,2259
521,2302,2284
522,2302,2506
523,1147,1874
524,1147,1952
525,79,1019
526,79,37
527,79,103
528,79,2460
529,79,278
530,79,2677
531,79,460
532,79,1724
533,79,828
534,79,3162
535,2305,2905
536,2306,2306
537,2306,2356
538,1148,1403
539,1148,1551
540,1148,1687
541,1148,710
542,1150,1236
543,1150,1262
544,1150,1294
545,1150,421
546,1150,1506
547,1150,1508
548,1150,1659
549,1150,2118
550,1151,1301
551,1151,1960
552,2312,3148
553,2312,3149
554,84,743
555,1152,2949
556,85,366
557,85,619
558,85,697
559,1153,1329
560,1153,1342
561,1153,1629
562,1154,1117
563,1154,1135
564,1155,1213
565,86,26
566,86,262
567,86,272
568,86,460
569,86,461
570,86,585
571,86,626
572,86,769
573,86,797
574,86,1006
575,2314,3282
576,2316,2406
577,1158,1214
578,1158,1461
579,1158,1571
580,87,87
581,87,597
582,2317,2457
583,88,152
584,88,154
585,88,1281
586,88,779
587,88,1998
588,88,1999
589,88,2073
590,1159,1257
591,1159,1287
592,1160,1160
593,1160,1369
594,1160,2083
595,89,546
596,89,548
597,2319,2561
598,2320,2401
599,2320,2638
600,2322,2605
601,2322,3203
602,2324,2324
603,2324,3074
604,1165,1788
605,1165,2066
606,2325,2594
607,2327,3221
608,1168,1511
609,1168,1544
610,1168,873
611,1168,2096
612,1168,2106
613,2328,3153
614,2329,2329
615,2332,1173
616,1174,1200
617,1174,1404
618,1174,1425
619,2333,2500
620,1175,278
621,1175,1360
622,1175,1385
623,1175,2173
624,1175,2174
625,1176,1897
626,2335,3200
627,2335,3247
628,96,913
629,96,997
630,97,5
631,97,36
632,97,63
633,97,949
634,1178,1178
635,1178,1871
636,1180,1196
637,99,723
638,99,931
639,99,952
640,100,680
641,1183,1836
642,1183,1837
643,2338,3059
644,2339,2596
645,2339,974
646,102,267
647,2340,2400
648,2340,725
649,104,129
650,104,131
651,104,134
652,104,140
653,1185,1945
654,1186,1648
655,105,176
656,105,180
657,2344,2456
658,2344,2624
659,2345,2230
660,108,1494
661,108,383
662,108,2125
663,2347,2860
664,1193,1548
665,1193,2112
666,110,584
667,2348,2548
668,1197,1587
669,113,382
670,2350,2793
671,2350,2907
672,2351,3013
673,1202,1183
674,1202,1841
675,115,569
676,115,671
677,2352,2479
678,1203,1432
679,1203,1964
680,1203,2151
681,2353,2565
682,1204,1208
683,1206,1210
684,1206,1256
685,1206,1604
686,1206,1606
687,1206,1818
688,2357,2354
689,1209,1748
690,117,117
691,119,810
692,2360,2839
693,2361,130
694,2361,2556
695,2361,3255
696,2362,614
697,120,634
698,2364,2418
699,2365,3285
700,121,866
701,1219,1236
702,2368,2368
703,123,310
704,123,547
705,123,668
706,123,669
707,1220,1075
708,1220,1169
709,1220,1199
710,1220,1387
711,2369,3070
712,1222,1540
713,1222,1807
714,1222,2044
715,1223,1711
716,1223,1712
717,1223,1713
718,1223,1964
719,1223,2099
720,124,881
721,2371,377
722,2372,2372
723,2374,2420
724,2375,2269
725,2375,3213
726,2375,3214
727,2375,3216
728,2376,2965
729,126,617
730,1226,235
731,1226,1322
732,1226,592
733,1226,1821
734,1227,2792
735,130,182
736,130,1498
737,2378,2682
738,2378,2683
739,1230,1191
740,1230,1514
741,1230,1811
742,1230,2097
743,1236,774
744,1236,2024
745,141,1002
746,2388,2388
747,1241,1514
748,1242,1236
749,1242,2118
750,144,141
751,144,146
752,144,453
753,144,1002
754,1243,1505
755,2394,2397
756,2395,3181
757,146,907
758,1247,1330
759,149,149
760,149,326
761,150,149
762,150,326
763,152,573
764,2404,2960
765,1253,1253
766,1255,1255
767,1254,1721
768,1254,754
769,1254,2043
770,1256,1818
771,2406,2406
772,158,970
773,160,854
774,1261,1750
775,1264,1284
776,164,952
777,1268,2120
778,167,639
779,170,306
780,170,494
781,1273,1339
782,1273,1454
783,1273,1668
784,1273,1714
785,2416,2629
786,172,56
787,172,1168
788,172,1934
789,173,108
790,173,384
791,173,514
792,2420,2437
793,1277,2043
794,2422,2371
795,1278,2020
796,1279,779
797,1279,1976
798,175,479
799,2426,2756
800,178,228
801,178,232
802,178,236
803,179,1075
804,179,1282
805,179,267
806,179,297
807,179,438
808,179,1650
809,179,573
810,179,646
811,179,779
812,179,1921
813,179,1991
814,2430,2430
815,183,2207
816,183,185
817,183,452
818,183,605
819,183,3117
820,184,54
821,184,106
822,184,1249
823,184,422
824,184,539
825,184,586
826,184,1761
827,184,694
828,184,697
829,184,714
830,184,3252
831,184,999
832,184,1000
833,2434,2767
834,2436,2436
835,2438,2465
836,2440,2425
837,192,607
838,1291,1344
839,1292,1854
840,1292,1953
841,1293,1930
842,201,1494
843,201,383
844,201,2125
845,202,255
846,203,239
847,1297,1013
848,1297,1089
849,1297,1725
850,204,204
851,204,650
852,204,945
853,2448,2563
854,207,499
855,209,347
856,2455,2850
857,2455,2851
858,2455,861
859,1307,2036
860,1307,2037
861,217,724
862,218,65
863,218,1247
864,218,2401
865,218,1489
866,218,2638
867,218,1724
868,218,725
869,218,732
870,218,2104
871,218,3303
872,1310,1610
873,1310,2116
874,1312,1019
875,1312,1493
876,1314,1583
877,2462,2908
878,230,146
879,230,148
880,230,177
881,230,411
882,230,480
883,230,621
884,230,625
885,2467,2470
886,243,126
887,243,617
888,245,722
889,245,1009
890,1338,1332
891,1343,1412
892,1343,404
893,1343,1881
894,262,541
895,262,673
896,262,797
897,2486,2583
898,1347,1089
899,263,26
900,263,122
901,263,311
902,263,344
903,263,424
904,263,425
905,263,426
906,263,566
907,263,685
908,263,768
909,263,769
910,263,796
911,263,840
912,264,723
913,264,815
914,2487,3185
915,265,69
916,265,107
917,265,194
918,265,501
919,265,502
920,265,567
921,265,655
922,265,888
923,266,65
924,266,88
925,266,152
926,266,297
927,266,685
928,266,732
929,266,3191
930,266,905
931,266,2081
932,1348,1353
933,1348,1965
934,1349,1290
935,1349,2031
936,1349,2124
937,1351,1893
938,2489,2391
939,2490,2578
940,268,561
941,268,668
942,269,80
943,1352,1207
944,1352,1449
945,1352,1539
946,270,868
947,2491,2223
948,271,690
949,272,103
950,272,262
951,272,285
952,272,310
953,272,516
954,272,827
955,272,887
956,1353,1965
957,273,432
958,273,433
959,1354,1019
960,1354,2856
961,274,36
962,274,63
963,274,83
964,274,203
965,274,735
966,275,28
967,275,54
968,275,105
969,275,106
970,275,1249
971,275,153
972,275,469
973,275,619
974,275,697
975,275,956
976,275,987
977,275,1000
978,276,69
979,276,107
980,276,463
981,276,555
982,276,580
983,276,581
984,276,655
985,276,827
986,276,888
987,276,901
988,276,902
989,278,1267
990,278,182
991,278,2464
992,278,310
993,278,444
994,278,1724
995,278,828
996,279,2292
997,279,210
998,279,358
999,279,2969
1000,279,3005
1001,279,3006
1002,280,324
1003,280,350
1004,280,917
1005,1356,2061
1006,1357,2774
1007,1357,1976
1008,1359,1583
1009,2493,2854
1010,2494,1198
1011,2494,1469
1012,2494,686
1013,2494,3040
1014,2496,2496
1015,281,144
1016,281,418
1017,281,584
1018,281,861
1019,282,631
1020,1363,1759
1021,1363,1946
1022,1366,1727
1023,1366,2043
1024,283,263
1025,283,311
1026,284,1513
1027,284,732
1028,285,94
1029,285,159
1030,285,2482
1031,285,356
1032,285,445
1033,285,697
1034,285,896
1035,1368,1355
1036,1368,1414
1037,1368,1415
1038,1368,1476
1039,2499,2191
1040,1371,1078
1041,1371,2140
1042,1372,1904
1043,2500,2500
1044,1373,1083
1045,1373,1152
1046,1373,1373
1047,1374,1061
1048,1374,1062
1049,1374,1177
1050,1374,1410
1051,1374,1726
1052,1374,1979
1053,1374,2035
1054,1374,2149
1055,286,545
1056,2501,2861
1057,2501,3180
1058,1376,1802
1059,1376,762
1060,2502,2377
1061,287,170
1062,287,675
1063,287,692
1064,288,917
1065,1379,1074
1066,1379,1462
1067,1379,1504
1068,1379,1605
1069,1380,1014
1070,1380,1059
1071,1380,1378
1072,1380,1591
1073,1381,1162
1074,1381,1268
1075,1381,2079
1076,289,732
1077,290,157
1078,290,163
1079,290,252
1080,290,260
1081,290,784
1082,291,67
1083,291,106
1084,291,152
1085,291,153
1086,291,154
1087,291,159
1088,291,167
1089,291,216
1090,291,317
1091,291,336
1092,291,356
1093,291,445
1094,291,462
1095,291,470
1096,291,482
1097,291,501
1098,291,516
1099,291,590
1100,291,1714
1101,291,640
1102,291,673
1103,291,683
1104,291,694
1105,291,708
1106,291,746
1107,291,3130
1108,291,926
1109,291,927
1110,292,233
1111,1382,1344
1112,1382,1889
1113,293,169
1114,293,213
1115,293,396
1116,293,397
1117,293,651
1118,293,778
1119,294,588
1120,1383,1115
1121,1383,1272
1122,1383,1649
1123,1383,1650
1124,1383,1956
1125,2507,3074
1126,295,228
1127,295,232
1128,295,236
1129,295,475
1130,295,535
1131,295,602
1132,295,634
1133,295,732
1134,295,771
1135,295,882
1136,1385,1385
1137,296,25
1138,296,69
1139,296,655
1140,296,1007
1141,1386,1358
1142,1386,1384
1143,1386,341
1144,1386,1566
1145,1386,1757
1146,1386,1758
1147,2508,2215
1148,1387,1073
1149,1387,1169
1150,2509,2638
1151,2509,2649
1152,2509,3301
1153,1388,1982
1154,1388,1983
1155,297,122
1156,297,127
1157,297,1232
1158,297,504
1159,297,541
1160,297,3015
1161,297,797
1162,297,802
1163,1389,1146
1164,298,764
1165,298,1010
1166,1390,1148
1167,1390,1672
1168,1390,1688
1169,1391,1582
1170,1392,1090
1171,1392,1608
1172,2511,3206
1173,2512,2182
1174,299,468
1175,2514,2599
1176,1395,1313
1177,1396,1236
1178,1397,3008
1179,1397,2093
1180,300,418
1181,2515,3133
1182,2517,2367
1183,2518,2846
1184,301,2245
1185,301,68
1186,1401,1109
1187,1401,1401
1188,2519,2254
1189,2520,3024
1190,302,251
1191,302,438
1192,302,746
1193,302,804
1194,302,911
1195,303,180
1196,303,841
1197,2521,2557
1198,304,304
1199,304,634
1200,1405,1445
1201,1406,1080
1202,1406,1314
1203,1406,1316
1204,1406,1359
1205,1406,1364
1206,1406,1367
1207,1406,1370
1208,1406,1380
1209,1406,1584
1210,1406,1658
1211,1406,1715
1212,1406,1731
1213,1406,1732
1214,1406,1733
1215,1406,1736
1216,1406,1737
1217,1406,1822
1218,1406,1923
1219,1406,1941
1220,1406,2070
1221,1406,2135
1222,1407,1179
1223,1408,1715
1224,305,228
1225,305,232
1226,305,236
1227,1409,1745
1228,2522,3223
1229,2523,2431
1230,308,868
1231,308,1986
1232,1411,1225
1233,1411,1679
1234,309,161
1235,1413,1216
1236,1413,1240
1237,2525,2446
1238,1414,1025
1239,1414,1355
1240,1414,1368
1241,1414,1415
1242,1414,1476
1243,2528,2342
1244,311,2529
1245,311,2530
1246,2530,2529
1247,1416,1144
1248,1416,1231
1249,1416,1234
1250,1416,1249
1251,1416,1284
1252,1416,1431
1253,1416,2157
1254,312,315
1255,313,315
1256,314,315
1257,2531,2533
1258,316,622
1259,2534,2473
1260,2534,2609
1261,2535,2534
1262,318,51
1263,318,481
1264,318,597
1265,2536,2280
1266,2537,2537
1267,1418,1306
1268,319,135
1269,1419,1921
1270,1420,2260
1271,1420,432
1272,1420,2699
1273,1420,1770
1274,1420,3107
1275,1421,1216
1276,1421,1765
1277,1421,1933
1278,2538,2309
1279,1423,1285
1280,1423,1542
1281,1423,1845
1282,1423,1980
1283,320,1009
1284,2540,2469
1285,2540,3033
1286,2541,2542
1287,2541,2944
1288,1424,1628
1289,1426,2119
1290,323,109
1291,323,133
1292,323,512
1293,323,513
1294,323,514
1295,2545,3274
1296,1428,1429
1297,2546,2191
1298,2547,2893
1299,325,149
1300,325,326
1301,326,324
1302,326,350
1303,326,591
1304,326,1701
1305,326,917
1306,328,617
1307,329,36
1308,329,63
1309,329,97
1310,329,114
1311,329,661
1312,329,821
1313,329,948
1314,1431,2193
1315,330,137
1316,331,66
1317,2550,3004
1318,2550,3005
1319,332,2342
1320,332,597
1321,333,722
1322,1435,1436
1323,1435,2008
1324,1436,1434
1325,2551,2551
1326,2552,2456
1327,2552,2478
1328,1437,1388
1329,1437,1982
1330,1438,1329
1331,1438,1342
1332,1439,1440
1333,337,287
1334,337,675
1335,2553,2402
1336,2553,2405
1337,338,69
1338,338,107
1339,338,463
1340,338,555
1341,338,580
1342,338,581
1343,338,655
1344,338,827
1345,338,888
1346,338,901
1347,338,902
1348,2554,2255
1349,339,2799
1350,339,1858
1351,339,813
1352,339,3158
1353,2556,3255
1354,1443,1534
1355,1443,1535
1356,2558,2224
1357,2558,2780
1358,2558,3022
1359,341,868
1360,1444,1439
1361,1444,1440
1362,1445,2024
1363,2559,246
1364,2559,3120
1365,2560,2581
1366,1446,1361
1367,1446,1377
1368,1446,1447
1369,1446,1448
1370,1448,1602
1371,2562,2563
1372,1450,2119
1373,2564,2359
1374,1451,1287
1375,2566,2567
1376,2568,2757
1377,342,771
1378,2569,2729
1379,343,1804
1380,343,869
1381,2571,2570
1382,344,2570
1383,2572,3192
1384,1454,1273
1385,2573,2965
1386,1455,2072
1387,2574,3217
1388,2575,3163
1389,1456,1228
1390,1456,1232
1391,1456,1235
1392,1456,1588
1393,1457,1232
1394,1457,1550
1395,1458,1850
1396,1459,1104
1397,1460,1061
1398,1460,1124
1399,1460,1140
1400,1460,1218
1401,1460,1374
1402,1460,1464
1403,1460,1761
1404,1460,1781
1405,1460,1979
1406,1461,1243
1407,1461,1648
1408,1461,628
1409,1461,2005
1410,348,170
1411,348,630
1412,348,982
1413,2579,2407
1414,2579,351
1415,2580,2579
1416,2580,2770
1417,1463,1590
1418,1464,1184
1419,1464,1761
1420,349,1177
1421,349,574
1422,349,575
1423,349,619
1424,350,515
1425,1465,1298
1426,2582,2662
1427,1466,2045
1428,352,2583
1429,352,353
1430,352,354
1431,353,164
1432,353,421
1433,354,2259
1434,354,2407
1435,354,2579
1436,354,2580
1437,354,351
1438,354,353
1439,354,2585
1440,354,2586
1441,354,2770
1442,354,1958
1443,355,356
1444,2584,2586
1445,2584,2672
1446,2585,2584
1447,2586,2584
1448,2586,2585
1449,2586,2586
1450,359,358
1451,1467,1467
1452,2587,2587
1453,1468,1467
1454,2589,2589
1455,360,361
1456,362,971
1457,1469,686
1458,363,363
1459,364,51
1460,364,103
1461,364,167
1462,364,234
1463,364,244
1464,364,251
1465,364,253
1466,364,259
1467,364,302
1468,364,355
1469,364,365
1470,364,382
1471,364,462
1472,364,470
1473,364,481
1474,364,482
1475,364,483
1476,364,516
1477,364,517
1478,364,523
1479,364,525
1480,364,550
1481,364,673
1482,364,697
1483,364,701
1484,364,706
1485,364,745
1486,364,746
1487,364,777
1488,364,804
1489,364,910
1490,364,911
1491,364,918
1492,365,2446
1493,2590,2178
1494,2590,2476
1495,2591,2697
1496,2591,2698
1497,2591,821
1498,1470,1453
1499,1470,1704
1500,1470,1705
1501,1470,1944
1502,1470,1954
1503,1470,1955
1504,1470,1980
1505,1470,2002
1506,2592,3296
1507,369,651
1508,2593,2199
1509,2593,62
1510,2593,1312
1511,2593,3166
1512,2593,3187
1513,2594,2325
1514,2594,2595
1515,2595,2325
1516,2595,2594
1517,370,135
1518,370,1337
1519,371,895
1520,1472,1585
1521,1473,1304
1522,1473,1472
1523,1473,1569
1524,1473,1570
1525,1474,1921
1526,1474,2065
1527,1475,1679
1528,1475,2036
1529,372,69
1530,372,107
1531,372,194
1532,372,501
1533,372,502
1534,372,655
1535,372,888
1536,372,1007
1537,2598,2548
1538,373,94
1539,373,2463
1540,373,251
1541,373,262
1542,373,374
1543,373,444
1544,373,445
1545,373,3014
1546,373,3015
1547,374,94
1548,374,444
1549,374,445
1550,1477,1909
1551,375,515
1552,375,630
1553,2599,3093
1554,378,2339
1555,378,2596
1556,378,1633
1557,378,947
1558,2600,3109
1559,1478,1439
1560,1478,1440
1561,2601,2642
1562,1479,1086
1563,1479,1480
1564,1479,1661
1565,1479,2012
1566,1481,1144
1567,1481,2139
1568,2603,2271
1569,2603,2602
1570,2603,2809
1571,1482,1482
1572,2604,2766
1573,1483,1310
1574,1483,2116
1575,1484,1346
1576,2606,2607
1577,2607,2606
1578,2607,2608
1579,1488,1872
1580,2611,2612
1581,1492,56
1582,1492,1157
1583,1492,1492
1584,381,119
1585,381,605
1586,381,606
1587,381,684
1588,381,713
1589,2613,2605
1590,1493,1738
1591,2614,2617
1592,2614,2619
1593,2615,2285
1594,2615,2615
1595,2615,2616
1596,2616,2614
1597,2616,2617
1598,2616,2618
1599,2618,2617
1600,2619,2618
1601,1494,2125
1602,383,108
1603,383,384
1604,383,514
1605,384,514
1606,2621,2620
1607,385,202
1608,385,386
1609,386,202
1610,386,240
1611,387,202
1612,387,434
1613,387,649
1614,387,650
1615,2622,2859
1616,388,249
1617,388,579
1618,388,676
1619,389,196
1620,389,334
1621,389,467
1622,389,579
1623,389,584
1624,389,636
1625,389,936
1626,389,973
1627,390,7
1628,390,10
1629,390,15
1630,390,22
1631,390,28
1632,390,51
1633,390,54
1634,390,58
1635,390,82
1636,390,85
1637,390,94
1638,390,98
1639,390,103
1640,390,106
1641,390,147
1642,390,151
1643,390,153
1644,390,154
1645,390,155
1646,390,156
1647,390,167
1648,390,176
1649,390,180
1650,390,182
1651,390,200
1652,390,212
1653,390,219
1654,390,221
1655,390,231
1656,390,233
1657,390,234
1658,390,244
1659,390,248
1660,390,253
1661,390,254
1662,390,259
1663,390,303
1664,390,317
1665,390,318
1666,390,336
1667,390,355
1668,390,356
1669,390,363
1670,390,382
1671,390,391
1672,390,414
1673,390,444
1674,390,445
1675,390,450
1676,390,455
1677,390,456
1678,390,462
1679,390,470
1680,390,481
1681,390,482
1682,390,483
1683,390,504
1684,390,507
1685,390,516
1686,390,517
1687,390,523
1688,390,525
1689,390,550
1690,390,557
1691,390,573
1692,390,576
1693,390,597
1694,390,608
1695,390,619
1696,390,658
1697,390,668
1698,390,669
1699,390,673
1700,390,680
1701,390,694
1702,390,697
1703,390,698
1704,390,700
1705,390,701
1706,390,702
1707,390,706
1708,390,708
1709,390,711
1710,390,727
1711,390,744
1712,390,746
1713,390,772
1714,390,773
1715,390,799
1716,390,802
1717,390,804
1718,390,812
1719,390,880
1720,390,896
1721,390,899
1722,390,906
1723,390,910
1724,390,929
1725,390,1000
1726,391,189
1727,391,382
1728,392,592
1729,392,914
1730,2623,2792
1731,395,397
1732,396,213
1733,396,293
1734,396,397
1735,396,723
1736,396,778
1737,397,213
1738,397,778
1739,2624,2456
1740,1496,1020
1741,1496,1746
1742,398,820
1743,2625,2626
1744,1497,1497
1745,1498,130
1746,2627,3018
1747,2628,2380
1748,400,402
1749,400,405
1750,401,400
1751,401,402
1752,401,405
1753,403,405
1754,404,401
1755,404,403
1756,404,405
1757,405,2134
1758,406,789
1759,407,812
1760,1500,1070
1761,1500,1088
1762,1500,1089
1763,1500,1163
1764,1500,1236
1765,1500,1347
1766,1500,1417
1767,1500,1499
1768,1500,2024
1769,408,516
1770,409,191
1771,1501,1502
1772,410,116
1773,410,174
1774,410,241
1775,410,316
1776,410,411
1777,410,570
1778,410,622
1779,410,975
1780,2630,2321
1781,1503,1285
1782,2631,2481
1783,413,2466
1784,413,2868
1785,414,58
1786,416,137
1787,416,142
1788,416,144
1789,416,146
1790,416,198
1791,416,351
1792,416,418
1793,416,453
1794,416,499
1795,416,879
1796,416,1003
1797,417,453
1798,417,810
1799,418,141
1800,418,146
1801,418,453
1802,418,1002
1803,419,281
1804,419,360
1805,420,233
1806,2633,2577
1807,1504,1932
1808,421,1262
1809,1506,1294
1810,422,28
1811,422,48
1812,422,54
1813,422,105
1814,422,106
1815,422,153
1816,422,194
1817,422,469
1818,422,586
1819,422,633
1820,422,714
1821,422,1899
1822,422,987
1823,1507,1150
1824,423,952
1825,1509,149
1826,1509,150
1827,1509,1262
1828,1509,324
1829,1509,325
1830,1509,326
1831,1509,327
1832,1509,1639
1833,424,426
1834,425,426
1835,1510,1700
1836,2636,2635
1837,1511,2134
1838,428,673
1839,429,1172
1840,429,284
1841,429,1408
1842,429,305
1843,429,1409
1844,429,1512
1845,429,601
1846,429,1710
1847,429,1721
1848,429,732
1849,1512,305
1850,1512,1409
1851,1512,1824
1852,430,732
1853,1515,1748
1854,1516,1329
1855,1516,2470
1856,1516,1342
1857,431,868
1858,1517,1162
1859,1517,1268
1860,1517,1331
1861,1517,1335
1862,1517,2079
1863,2640,2639
1864,2641,185
1865,2641,3117
1866,2642,2601
1867,2643,2645
1868,2644,2645
1869,1518,1519
1870,1519,1216
1871,1519,1303
1872,432,433
1873,432,915
1874,433,915
1875,1520,1233
1876,2646,2282
1877,434,387
1878,434,506
1879,2648,2648
1880,1521,3255
1881,1522,1319
1882,1522,1323
1883,437,438
1884,437,516
1885,437,711
1886,438,251
1887,439,51
1888,439,58
1889,439,94
1890,439,167
1891,439,212
1892,439,244
1893,439,253
1894,439,259
1895,439,302
1896,439,332
1897,439,355
1898,439,364
1899,439,365
1900,439,382
1901,439,414
1902,439,438
1903,439,444
1904,439,445
1905,439,481
1906,439,482
1907,439,483
1908,439,516
1909,439,517
1910,439,525
1911,439,597
1912,439,668
1913,439,669
1914,439,680
1915,439,697
1916,439,702
1917,439,747
1918,439,755
1919,439,804
1920,439,871
1921,439,918
1922,440,10
1923,441,1236
1924,441,2447
1925,441,1478
1926,441,1531
1927,441,2665
1928,441,2765
1929,441,1723
1930,441,645
1931,441,1801
1932,441,774
1933,441,880
1934,441,2168
1935,1523,1167
1936,1523,1826
1937,1524,1168
1938,1524,1254
1939,1524,1581
1940,1524,1934
1941,1524,2041
1942,1525,1661
1943,1526,1761
1944,442,106
1945,443,443
1946,443,586
1947,2650,2660
1948,2651,2574
1949,2651,692
1950,2651,2994
1951,2651,914
1952,2652,2271
1953,444,94
1954,1528,1255
1955,1528,1478
1956,1528,2738
1957,1528,2765
1958,1528,1723
1959,1528,1814
1960,1528,2970
1961,445,94
1962,445,194
1963,445,444
1964,2654,1529
1965,2654,2166
1966,447,93
1967,447,213
1968,447,256
1969,447,296
1970,447,535
1971,447,744
1972,447,778
1973,447,800
1974,447,921
1975,447,967
1976,2655,2690
1977,448,810
1978,2656,2194
1979,1530,1185
1980,1530,2008
1981,2657,1286
1982,2657,2447
1983,2657,1302
1984,2657,2658
1985,2658,2447
1986,2658,2657
1987,2658,2658
1988,2658,1531
1989,2658,1532
1990,1532,1286
1991,1532,1302
1992,1532,1532
1993,1533,1687
1994,1533,710
1995,450,449
1996,450,451
1997,450,560
1998,450,710
1999,450,896
2000,2661,2661
2001,2663,2664
2002,2664,2044
2003,1537,1394
2004,452,605
2005,1538,1248
2006,1539,1207
2007,454,817
2008,2668,2669
2009,2668,2670
2010,2669,2463
2011,2669,686
2012,2669,3191
2013,1540,1266
2014,1541,1182
2015,1541,1540
2016,2671,2439
2017,1542,1215
2018,1542,1422
2019,1542,1980
2020,1543,2293
2021,1543,2460
2022,1543,1326
2023,1543,828
2024,2674,2674
2025,456,147
2026,1545,80
2027,1545,1427
2028,1546,1547
2029,1546,1763
2030,457,458
2031,459,573
2032,459,697
2033,460,2361
2034,460,154
2035,460,263
2036,460,685
2037,460,3156
2038,460,3159
2039,460,1006
2040,461,25
2041,461,69
2042,461,888
2043,462,167
2044,462,828
2045,1549,1549
2046,1549,1624
2047,1549,978
2048,1550,1235
2049,2678,2382
2050,2678,2396
2051,2679,2679
2052,465,466
2053,2680,2680
2054,2682,2682
2055,2682,2683
2056,2684,2378
2057,2684,2682
2058,2684,2683
2059,469,586
2060,469,633
2061,469,697
2062,471,2221
2063,471,30
2064,471,31
2065,471,1075
2066,471,1169
2067,471,1199
2068,471,122
2069,471,127
2070,471,1232
2071,471,179
2072,471,262
2073,471,272
2074,471,276
2075,471,1357
2076,471,285
2077,471,1383
2078,471,338
2079,471,504
2080,471,510
2081,471,541
2082,471,556
2083,471,566
2084,471,2812
2085,471,697
2086,471,732
2087,471,3015
2088,471,780
2089,471,797
2090,471,802
2091,472,142
2092,472,145
2093,2686,2385
2094,2686,1714
2095,2686,686
2096,2686,687
2097,2688,2409
2098,2688,2687
2099,2688,2689
2100,2689,2687
2101,1553,1554
2102,1554,1553
2103,1555,1555
2104,1556,1555
2105,1556,1647
2106,474,90
2107,1557,1558
2108,476,475
2109,477,346
2110,477,369
2111,477,753
2112,477,951
2113,478,868
2114,2693,2373
2115,2694,2505
2116,1560,1339
2117,1560,341
2118,1560,1668
2119,1560,1818
2120,2695,2212
2121,2695,2498
2122,2696,2578
2123,2696,1867
2124,2696,3144
2125,481,51
2126,482,51
2127,482,481
2128,482,697
2129,1562,1321
2130,483,51
2131,483,154
2132,483,189
2133,483,244
2134,483,253
2135,483,259
2136,483,355
2137,483,481
2138,483,516
2139,483,525
2140,483,597
2141,483,702
2142,483,706
2143,483,708
2144,483,918
2145,2699,2441
2146,486,138
2147,486,485
2148,487,42
2149,487,271
2150,487,950
2151,488,17
2152,488,39
2153,488,42
2154,488,271
2155,488,367
2156,488,368
2157,488,487
2158,488,488
2159,488,489
2160,488,569
2161,488,790
2162,488,833
2163,488,834
2164,488,950
2165,488,955
2166,488,964
2167,488,1010
2168,2700,3231
2169,2702,2647
2170,1564,1110
2171,1564,1563
2172,1564,1565
2173,490,805
2174,2704,2602
2175,2705,2864
2176,2706,2445
2177,492,570
2178,493,492
2179,493,907
2180,495,19
2181,495,75
2182,495,139
2183,495,208
2184,495,667
2185,495,743
2186,495,935
2187,495,979
2188,1568,1226
2189,1568,235
2190,1568,592
2191,496,142
2192,497,145
2193,2708,2825
2194,2709,2681
2195,498,239
2196,2710,2761
2197,501,1007
2198,502,107
2199,502,501
2200,502,508
2201,502,755
2202,502,1007
2203,1573,1287
2204,503,634
2205,504,159
2206,2711,2438
2207,2711,2465
2208,2711,2531
2209,2711,2532
2210,2711,2667
2211,2711,2813
2212,2711,3244
2213,1574,1280
2214,505,30
2215,505,56
2216,505,69
2217,505,78
2218,505,172
2219,505,534
2220,505,562
2221,505,732
2222,506,171
2223,506,394
2224,506,721
2225,506,843
2226,506,939
2227,507,206
2228,509,174
2229,509,340
2230,510,504
2231,510,566
2232,514,323
2233,514,383
2234,514,868
2235,1577,1087
2236,1577,1494
2237,1578,1530
2238,2713,2653
2239,517,251
2240,517,310
2241,517,525
2242,517,673
2243,517,871
2244,1580,2873
2245,1580,2043
2246,2714,2939
2247,518,952
2248,1582,2078
2249,1583,1189
2250,1584,1314
2251,2715,2475
2252,520,170
2253,521,616
2254,521,701
2255,522,28
2256,522,54
2257,522,105
2258,522,106
2259,522,1249
2260,522,153
2261,522,1374
2262,522,1460
2263,522,1464
2264,522,469
2265,522,616
2266,522,619
2267,522,697
2268,522,956
2269,522,987
2270,522,999
2271,522,1000
2272,1585,1629
2273,1586,1336
2274,1586,1587
2275,1588,1235
2276,1589,1128
2277,1589,1149
2278,1589,1590
2279,1590,1128
2280,2716,2717
2281,2719,2718
2282,1592,1593
2283,1594,1592
2284,1594,1593
2285,1595,1596
2286,1597,1598
2287,1599,1076
2288,1599,1078
2289,1599,1600
2290,1599,1613
2291,1599,1685
2292,1599,1950
2293,1599,2074
2294,2720,3015
2295,2721,2629
2296,523,182
2297,523,261
2298,2723,2722
2299,2724,2744
2300,524,971
2301,1601,1569
2302,1602,1829
2303,525,590
2304,2725,2725
2305,2726,2557
2306,2727,2913
2307,1606,1105
2308,1606,1604
2309,528,528
2310,530,879
2311,2731,2337
2312,531,188
2313,531,532
2314,531,810
2315,533,533
2316,533,534
2317,533,732
2318,534,732
2319,2732,2526
2320,1609,1842
2321,2733,2349
2322,2733,2746
2323,2733,3195
2324,1611,2155
2325,2736,2178
2326,2736,2476
2327,2738,2408
2328,1612,1263
2329,2739,2707
2330,2739,715
2331,2740,2213
2332,2741,2411
2333,1613,1190
2334,537,380
2335,537,655
2336,2742,1122
2337,2742,2880
2338,1614,1773
2339,1615,1037
2340,1615,1042
2341,1615,1411
2342,1615,1614
2343,1616,1616
2344,1618,1452
2345,1619,1188
2346,538,673
2347,2745,122
2348,2745,2588
2349,2745,2665
2350,2745,464
2351,2745,3115
2352,1620,2138
2353,1621,2137
2354,1622,1275
2355,1622,1622
2356,2747,2748
2357,1623,1623
2358,1624,1549
2359,2749,3264
2360,1625,1315
2361,1626,1224
2362,1626,1772
2363,1626,2009
2364,539,86
2365,539,460
2366,540,784
2367,2750,2279
2368,2752,2889
2369,541,507
2370,1628,206
2371,2753,2387
2372,2753,2418
2373,542,101
2374,542,145
2375,542,791
2376,2754,2755
2377,1630,14
2378,1630,1747
2379,544,14
2380,544,286
2381,544,545
2382,546,548
2383,547,159
2384,547,244
2385,547,253
2386,547,259
2387,547,572
2388,547,573
2389,547,590
2390,547,697
2391,551,679
2392,551,680
2393,1631,1129
2394,1631,90
2395,1632,1801
2396,1632,2168
2397,1633,645
2398,1633,1801
2399,1633,774
2400,1634,26
2401,1634,2244
2402,1634,1100
2403,1634,2257
2404,1634,1138
2405,1634,1634
2406,1634,1828
2407,1634,1893
2408,1634,2139
2409,1634,2165
2410,1636,1253
2411,1636,1289
2412,1636,1682
2413,1637,1181
2414,1637,1318
2415,1637,1375
2416,1637,1638
2417,1637,1977
2418,1637,2026
2419,1638,1181
2420,1638,1356
2421,1638,1375
2422,1638,1637
2423,1638,2013
2424,2758,3063
2425,2759,2610
2426,552,952
2427,1640,1810
2428,553,2728
2429,553,2791
2430,553,673
2431,553,1921
2432,553,1951
2433,553,2161
2434,554,58
2435,554,106
2436,554,422
2437,554,469
2438,554,1642
2439,554,830
2440,554,1000
2441,1642,1284
2442,2762,2204
2443,556,2266
2444,556,257
2445,556,462
2446,556,829
2447,1644,1719
2448,2764,3224
2449,1645,1031
2450,1645,1488
2451,558,475
2452,1646,1131
2453,1646,1262
2454,1646,1320
2455,1646,1321
2456,1646,421
2457,1646,1883
2458,1646,1885
2459,561,561
2460,561,655
2461,561,669
2462,2768,2315
2463,1648,1243
2464,564,132
2465,564,536
2466,564,775
2467,564,975
2468,566,152
2469,566,770
2470,566,771
2471,566,802
2472,1649,1272
2473,1649,1650
2474,567,1650
2475,568,158
2476,1652,1868
2477,1653,1237
2478,2773,2783
2479,1655,1422
2480,1657,1080
2481,1657,1189
2482,1657,1314
2483,1657,1359
2484,1657,1583
2485,1657,1584
2486,1657,1735
2487,1657,1736
2488,1657,1737
2489,571,95
2490,571,234
2491,571,697
2492,572,180
2493,572,549
2494,572,573
2495,572,697
2496,572,841
2497,573,257
2498,573,829
2499,574,95
2500,574,310
2501,574,549
2502,574,572
2503,574,697
2504,575,549
2505,1659,1659
2506,1660,1661
2507,1661,1098
2508,1661,1362
2509,2774,2293
2510,2776,2267
2511,2776,2775
2512,1662,1326
2513,577,3209
2514,577,965
2515,2777,2272
2516,2777,3088
2517,1664,779
2518,1664,1921
2519,1664,1991
2520,2778,2676
2521,2778,2724
2522,2780,2870
2523,1667,2328
2524,1667,2460
2525,1667,1326
2526,1667,3028
2527,1667,828
2528,1667,3153
2529,2781,2392
2530,581,580
2531,1670,1671
2532,582,200
2533,583,158
2534,1673,1639
2535,1673,1958
2536,2782,2782
2537,1674,1482
2538,1675,1216
2539,1675,1240
2540,1675,1933
2541,584,202
2542,584,240
2543,584,386
2544,2784,2402
2545,2784,2432
2546,2784,2553
2547,2784,3031
2548,2784,3094
2549,2785,2402
2550,2785,2405
2551,2785,2553
2552,2786,2386
2553,1677,1724
2554,1678,1198
2555,1678,1281
2556,1678,1469
2557,1678,686
2558,1678,1999
2559,1678,2073
2560,1680,1014
2561,1680,1194
2562,1680,1378
2563,587,808
2564,2788,2787
2565,2790,2461
2566,2790,2857
2567,588,952
2568,1681,1407
2569,1681,1409
2570,1683,1324
2571,1683,1325
2572,1683,1684
2573,589,129
2574,589,131
2575,589,134
2576,589,140
2577,2794,2289
2578,2794,2795
2579,2795,1241
2580,2796,2999
2581,2797,2249
2582,591,217
2583,591,724
2584,591,978
2585,1686,1559
2586,2798,3243
2587,1687,1236
2588,1687,421
2589,1687,1508
2590,2799,3128
2591,1689,1830
2592,1689,2176
2593,592,235
2594,595,593
2595,595,594
2596,1690,1122
2597,1690,1478
2598,1690,1528
2599,1690,1814
2600,1690,1891
2601,2801,2800
2602,1691,1815
2603,1691,1992
2604,1691,1993
2605,2802,3092
2606,2803,2803
2607,2804,2524
2608,596,160
2609,596,496
2610,2805,2805
2611,2805,2807
2612,2805,3112
2613,2805,3113
2614,2806,2807
2615,598,151
2616,598,336
2617,598,599
2618,1692,1593
2619,600,569
2620,600,671
2621,601,17
2622,601,834
2623,2808,2354
2624,1693,1260
2625,1693,1844
2626,2809,2734
2627,2809,3129
2628,2810,2525
2629,604,59
2630,2811,2226
2631,1694,1810
2632,2812,2539
2633,1695,1100
2634,1695,1690
2635,1695,1828
2636,605,185
2637,606,199
2638,2813,2438
2639,2813,2465
2640,2814,2815
2641,2816,2383
2642,2817,2472
2643,2818,2819
2644,2820,2889
2645,1696,1697
2646,2821,2268
2647,2822,2822
2648,2823,2610
2649,2824,2977
2650,2827,2873
2651,1699,1334
2652,608,167
2653,608,168
2654,608,238
2655,608,413
2656,608,578
2657,608,597
2658,608,639
2659,608,706
2660,608,773
2661,608,896
2662,2828,3219
2663,1701,149
2664,1701,150
2665,1701,324
2666,1701,325
2667,1701,326
2668,1701,327
2669,1701,2057
2670,609,462
2671,609,828
2672,609,3162
2673,2829,2458
2674,2829,2933
2675,1702,1703
2676,1704,1285
2677,1705,1617
2678,1705,1704
2679,2830,2291
2680,2831,2307
2681,610,135
2682,1706,1224
2683,1706,1243
2684,1706,1258
2685,1706,1612
2686,1706,610
2687,2832,2286
2688,2832,2295
2689,2832,2323
2690,2832,3160
2691,2832,3161
2692,2832,3200
2693,1707,2275
2694,1707,1229
2695,1707,1511
2696,2833,2744
2697,611,950
2698,612,52
2699,612,271
2700,612,569
2701,612,583
2702,612,955
2703,612,964
2704,612,965
2705,613,611
2706,613,955
2707,615,217
2708,615,288
2709,615,306
2710,615,350
2711,615,1509
2712,615,592
2713,615,3205
2714,615,3217
2715,1708,1214
2716,1708,2753
2717,1708,818
2718,2835,2370
2719,1709,1490
2720,1709,2072
2721,1710,1172
2722,1710,305
2723,1710,1409
2724,1710,1512
2725,1710,1513
2726,616,7
2727,616,51
2728,616,67
2729,616,481
2730,616,549
2731,616,571
2732,616,572
2733,616,574
2734,616,575
2735,616,1714
2736,616,668
2737,616,694
2738,616,714
2739,616,748
2740,616,2018
2741,616,3236
2742,616,998
2743,616,999
2744,616,1000
2745,618,240
2746,619,220
2747,619,920
2748,2836,2358
2749,2837,2838
2750,2837,2882
2751,2839,2840
2752,2840,2839
2753,2841,2842
2754,620,621
2755,620,623
2756,621,623
2757,623,621
2758,623,623
2759,624,621
2760,624,623
2761,624,625
2762,625,229
2763,625,623
2764,2843,2276
2765,2843,626
2766,627,823
2767,628,1243
2768,628,1461
2769,2844,2227
2770,629,350
2771,629,515
2772,629,629
2773,629,630
2774,631,70
2775,631,226
2776,631,241
2777,631,403
2778,631,411
2779,631,492
2780,631,495
2781,631,620
2782,631,750
2783,631,979
2784,631,980
2785,631,988
2786,631,995
2787,631,1003
2788,631,1009
2789,1716,1082
2790,1716,1139
2791,1716,1145
2792,1716,1716
2793,1716,1717
2794,1717,1716
2795,1717,1717
2796,1717,1887
2797,1720,1747
2798,1722,2068
2799,2847,2848
2800,2847,2849
2801,2847,1807
2802,1724,1267
2803,635,491
2804,635,870
2805,1725,1417
2806,1725,1427
2807,1725,1545
2808,1725,2024
2809,1727,1191
2810,1727,1514
2811,1727,1811
2812,1727,2097
2813,1728,1085
2814,1728,1729
2815,1729,1627
2816,1729,1717
2817,2852,2853
2818,2853,2852
2819,1730,1142
2820,1730,1192
2821,2855,185
2822,2855,199
2823,1731,1071
2824,1731,1080
2825,1731,1194
2826,1731,1314
2827,1731,1359
2828,1731,1364
2829,1731,1583
2830,1731,1584
2831,1731,1657
2832,1731,1658
2833,1731,1680
2834,1731,1731
2835,1731,1735
2836,1731,1736
2837,1731,1737
2838,1731,1985
2839,1732,1657
2840,1732,1731
2841,1732,1985
2842,1733,1059
2843,1733,1495
2844,1733,1744
2845,1735,1314
2846,1735,1359
2847,1735,1736
2848,1735,1737
2849,1736,1314
2850,1736,1359
2851,1736,1583
2852,1736,1735
2853,1737,1314
2854,1737,1359
2855,1737,1736
2856,2856,2751
2857,637,149
2858,637,150
2859,637,324
2860,637,325
2861,637,326
2862,637,327
2863,637,552
2864,638,128
2865,639,640
2866,640,639
2867,641,157
2868,641,209
2869,641,719
2870,643,35
2871,643,38
2872,643,64
2873,643,83
2874,643,121
2875,643,136
2876,643,239
2877,643,271
2878,643,313
2879,643,314
2880,643,348
2881,643,641
2882,643,661
2883,643,682
2884,643,807
2885,643,808
2886,643,814
2887,643,840
2888,643,866
2889,643,893
2890,643,923
2891,643,994
2892,644,42
2893,644,271
2894,644,611
2895,644,1010
2896,1740,1282
2897,1740,1740
2898,1740,1741
2899,1740,1766
2900,2858,2464
2901,646,1282
2902,646,549
2903,646,1650
2904,646,732
2905,646,1895
2906,646,2064
2907,646,2149
2908,646,2150
2909,647,197
2910,647,898
2911,648,2181
2912,648,299
2913,648,2865
2914,650,957
2915,1743,1019
2916,1743,2394
2917,1743,1874
2918,2862,2932
2919,2863,2864
2920,2863,3131
2921,2865,2181
2922,2865,946
2923,652,397
2924,2866,3181
2925,1744,1014
2926,1744,1059
2927,1744,1378
2928,1745,1269
2929,653,225
2930,2868,2466
2931,1749,1235
2932,1751,2106
2933,2872,2384
2934,2874,2972
2935,2874,3105
2936,1752,1628
2937,1752,1949
2938,1753,1628
2939,1753,1635
2940,1753,1949
2941,654,202
2942,654,214
2943,654,240
2944,654,255
2945,654,860
2946,655,508
2947,655,1007
2948,1754,1641
2949,2875,2914
2950,1755,1835
2951,1755,1836
2952,1755,1837
2953,1756,1784
2954,1756,1785
2955,2877,2319
2956,2877,2561
2957,2878,2319
2958,2878,2561
2959,2878,3046
2960,2878,3201
2961,2878,3278
2962,656,166
2963,657,656
2964,657,935
2965,1759,1486
2966,1759,1561
2967,1759,1946
2968,1759,1947
2969,2881,3135
2970,1760,1854
2971,1760,1953
2972,658,82
2973,2883,2421
2974,2884,2884
2975,1762,1911
2976,659,70
2977,659,208
2978,659,211
2979,659,241
2980,659,330
2981,659,495
2982,659,570
2983,659,660
2984,659,722
2985,659,750
2986,659,877
2987,659,979
2988,659,980
2989,659,986
2990,659,1003
2991,659,1009
2992,660,40
2993,660,875
2994,660,986
2995,2885,2885
2996,661,36
2997,661,63
2998,661,97
2999,661,191
3000,661,203
3001,661,313
3002,661,314
3003,661,328
3004,661,603
3005,661,617
3006,661,674
3007,661,726
3008,661,735
3009,661,835
3010,661,836
3011,661,852
3012,661,877
3013,661,908
3014,661,948
3015,662,877
3016,663,6
3017,663,17
3018,663,20
3019,663,643
3020,663,657
3021,663,831
3022,663,858
3023,1764,1811
3024,664,502
3025,1766,1282
3026,2886,2888
3027,2887,2424
3028,2887,2886
3029,665,727
3030,665,728
3031,1767,1099
3032,1768,1099
3033,1768,1767
3034,666,667
3035,668,251
3036,668,802
3037,669,251
3038,2890,2918
3039,2891,2253
3040,2892,2300
3041,670,205
3042,2894,2266
3043,2894,556
3044,2894,3048
3045,1769,1107
3046,1769,1174
3047,2895,653
3048,2896,2897
3049,2897,2895
3050,672,2420
3051,672,2437
3052,672,215
3053,2898,2362
3054,2901,3279
3055,1770,1298
3056,1770,1771
3057,1770,2123
3058,1771,1770
3059,1771,2123
3060,1772,1217
3061,1772,2009
3062,1772,2092
3063,673,376
3064,673,377
3065,673,711
3066,673,762
3067,673,802
3068,673,839
3069,2902,2541
3070,674,72
3071,674,76
3072,676,2985
3073,1775,1776
3074,1776,1107
3075,1776,1174
3076,1776,1404
3077,677,1394
3078,677,1747
3079,677,678
3080,677,1984
3081,677,867
3082,677,868
3083,678,44
3084,678,379
3085,678,1747
3086,678,1984
3087,678,867
3088,2906,2484
3089,679,680
3090,681,219
3091,681,2461
3092,681,231
3093,681,248
3094,2910,2451
3095,682,91
3096,682,210
3097,682,239
3098,682,569
3099,1778,1778
3100,2912,2453
3101,684,216
3102,1779,1523
3103,685,322
3104,685,592
3105,685,665
3106,685,686
3107,685,687
3108,685,697
3109,685,845
3110,1780,1288
3111,2916,2576
3112,2916,1889
3113,2917,2301
3114,688,180
3115,688,841
3116,689,573
3117,1781,1774
3118,691,134
3119,691,250
3120,691,499
3121,691,511
3122,691,519
3123,691,651
3124,691,690
3125,691,898
3126,691,935
3127,691,1009
3128,1782,1576
3129,1783,1471
3130,693,400
3131,693,401
3132,693,404
3133,693,405
3134,1786,1784
3135,2919,2638
3136,2920,2920
3137,2921,2922
3138,695,1301
3139,695,1960
3140,2923,95
3141,2923,2692
3142,2923,2924
3143,1787,1052
3144,1787,1254
3145,1787,1288
3146,1787,1654
3147,1787,1780
3148,1787,1789
3149,2925,2925
3150,1788,1239
3151,1789,2363
3152,2926,3249
3153,2927,2363
3154,1791,1476
3155,2928,2822
3156,1792,1794
3157,1793,1777
3158,1794,1487
3159,1794,1793
3160,696,614
3161,697,224
3162,698,85
3163,698,95
3164,698,180
3165,698,303
3166,698,456
3167,698,481
3168,698,549
3169,698,571
3170,698,572
3171,698,574
3172,698,575
3173,698,619
3174,698,668
3175,698,694
3176,698,697
3177,698,700
3178,698,701
3179,698,805
3180,698,904
3181,699,22
3182,699,34
3183,699,54
3184,699,85
3185,699,98
3186,699,105
3187,699,106
3188,699,153
3189,699,155
3190,699,156
3191,699,251
3192,699,310
3193,699,366
3194,699,516
3195,699,575
3196,699,619
3197,699,668
3198,699,669
3199,699,697
3200,699,700
3201,699,701
3202,699,714
3203,699,746
3204,699,748
3205,699,755
3206,699,842
3207,699,906
3208,699,987
3209,699,999
3210,699,1000
3211,700,366
3212,700,619
3213,700,697
3214,701,668
3215,2929,2867
3216,1795,1164
3217,2930,2419
3218,2930,2471
3219,2930,2980
3220,1796,1326
3221,2931,2492
3222,2931,2497
3223,2932,2862
3224,1797,1727
3225,704,143
3226,704,239
3227,704,563
3228,704,751
3229,704,752
3230,705,1420
3231,705,432
3232,2934,2308
3233,2934,3270
3234,2934,3271
3235,1798,2108
3236,707,708
3237,708,223
3238,2935,2180
3239,709,707
3240,709,708
3241,2936,2869
3242,1799,1540
3243,1799,1807
3244,1799,2044
3245,1801,1531
3246,1801,2024
3247,2937,2659
3248,2937,2938
3249,1803,1222
3250,1804,1334
3251,1804,1699
3252,1806,1186
3253,1806,1805
3254,2940,3076
3255,2941,2389
3256,2942,2915
3257,2943,2482
3258,1808,1808
3259,2945,2355
3260,712,935
3261,2946,2789
3262,1809,1974
3263,2947,2876
3264,2948,1173
3265,1810,1315
3266,2949,2949
3267,2953,2950
3268,2953,2956
3269,2955,2251
3270,2955,1173
3271,2955,2332
3272,2955,2503
3273,2955,2760
3274,2955,2948
3275,2955,2952
3276,2955,2954
3277,2955,1813
3278,2955,2958
3279,2955,3173
3280,714,28
3281,714,54
3282,714,67
3283,714,105
3284,714,106
3285,714,153
3286,714,956
3287,714,987
3288,714,999
3289,714,1000
3290,1812,1173
3291,1812,1813
3292,1812,2152
3293,2956,2950
3294,2957,1813
3295,2957,2959
3296,2960,2404
3297,715,135
3298,715,610
3299,716,2381
3300,716,135
3301,716,2961
3302,717,180
3303,1815,1992
3304,2962,2962
3305,718,877
3306,2963,2834
3307,719,347
3308,1816,1727
3309,1817,1623
3310,722,721
3311,2967,2966
3312,1818,1210
3313,1818,1256
3314,1819,2048
3315,1820,1259
3316,1820,1270
3317,1820,1617
3318,1820,1669
3319,2969,2292
3320,2969,1897
3321,725,2400
3322,2971,2417
3323,1822,1130
3324,1823,1651
3325,2973,2973
3326,2974,3077
3327,1827,2072
3328,2975,3118
3329,2976,2399
3330,2976,3303
3331,2977,2824
3332,727,728
3333,2978,2978
3334,1831,1336
3335,1831,1554
3336,2979,2599
3337,729,730
3338,729,1009
3339,730,320
3340,731,139
3341,731,166
3342,731,907
3343,731,979
3344,1832,1833
3345,1833,1656
3346,1833,2154
3347,2981,2452
3348,2981,2549
3349,2982,2707
3350,2983,2454
3351,2983,2984
3352,2983,2986
3353,2984,2454
3354,2985,2454
3355,2985,2984
3356,2985,2986
3357,734,733
3358,734,751
3359,735,77
3360,735,813
3361,1834,1837
3362,1835,1836
3363,1838,1834
3364,1838,1836
3365,1838,1837
3366,1839,1325
3367,736,320
3368,737,320
3369,737,729
3370,737,730
3371,737,736
3372,738,2665
3373,738,789
3374,739,235
3375,739,464
3376,739,588
3377,739,592
3378,739,738
3379,741,1009
3380,2987,530
3381,2987,2730
3382,1841,1183
3383,1842,1139
3384,1842,1738
3385,1843,1738
3386,2989,2988
3387,2990,2990
3388,2991,2991
3389,742,475
3390,1847,1790
3391,1848,1205
3392,1848,1216
3393,1848,1849
3394,1850,1212
3395,1850,1281
3396,1850,1937
3397,1850,1951
3398,1850,1998
3399,1850,1999
3400,743,979
3401,2993,3311
3402,1851,1633
3403,1851,1801
3404,1851,2995
3405,1851,3009
3406,1851,2168
3407,2995,2765
3408,1852,1257
3409,1852,1295
3410,1852,1340
3411,2996,2331
3412,2996,2543
3413,2996,2544
3414,2996,2997
3415,2996,3233
3416,1853,1582
3417,2998,3109
3418,745,251
3419,745,356
3420,745,438
3421,745,516
3422,745,746
3423,745,804
3424,745,805
3425,745,910
3426,745,911
3427,747,51
3428,747,355
3429,747,356
3430,747,481
3431,747,504
3432,747,516
3433,747,746
3434,747,804
3435,747,805
3436,747,910
3437,747,911
3438,3001,3307
3439,748,28
3440,748,48
3441,748,54
3442,748,67
3443,748,105
3444,748,106
3445,748,153
3446,748,1761
3447,748,697
3448,748,714
3449,748,956
3450,748,987
3451,748,998
3452,748,999
3453,748,1000
3454,3002,2527
3455,749,634
3456,3003,3003
3457,3006,3005
3458,3007,2272
3459,3008,3009
3460,3010,3011
3461,1856,1868
3462,3012,2418
3463,1857,1126
3464,1857,1193
3465,1857,577
3466,1857,1858
3467,1857,1859
3468,1857,1966
3469,1858,3013
3470,1858,3274
3471,1859,404
3472,1859,3274
3473,3014,3015
3474,3016,2238
3475,3016,3017
3476,750,712
3477,751,752
3478,3019,2867
3479,1860,1132
3480,1860,1236
3481,1860,1242
3482,1860,1668
3483,3020,2531
3484,3020,2532
3485,3020,2533
3486,3020,936
3487,753,160
3488,753,195
3489,753,227
3490,753,559
3491,753,579
3492,753,628
3493,753,695
3494,753,811
3495,753,874
3496,1861,1266
3497,3021,1529
3498,3021,2166
3499,754,802
3500,3022,2224
3501,3022,2780
3502,1862,1430
3503,1863,1336
3504,1863,1489
3505,1864,1095
3506,1864,1123
3507,1864,1552
3508,3027,3026
3509,756,334
3510,756,389
3511,1865,1271
3512,1866,1141
3513,1866,1246
3514,1866,2167
3515,1867,1866
3516,3028,2460
3517,3028,779
3518,3028,828
3519,3028,3162
3520,3029,2277
3521,3029,3029
3522,3030,2304
3523,3030,3030
3524,757,758
3525,758,193
3526,758,758
3527,759,193
3528,759,720
3529,760,193
3530,3031,2402
3531,3031,2432
3532,763,50
3533,763,93
3534,763,374
3535,763,427
3536,763,800
3537,763,805
3538,763,825
3539,764,723
3540,1869,1873
3541,1870,1178
3542,1870,1337
3543,1870,1944
3544,1870,1945
3545,1873,1663
3546,3032,2477
3547,765,363
3548,766,668
3549,767,467
3550,767,473
3551,767,494
3552,3033,2540
3553,1875,1616
3554,1875,1988
3555,3035,2246
3556,3035,3034
3557,3036,2501
3558,1876,686
3559,1876,687
3560,768,665
3561,768,727
3562,768,728
3563,768,1876
3564,769,1231
3565,769,1234
3566,769,1273
3567,769,2686
3568,769,538
3569,769,685
3570,769,686
3571,769,687
3572,769,796
3573,769,2157
3574,3037,1829
3575,1877,1502
3576,1877,1575
3577,1878,1096
3578,1878,1265
3579,1878,1465
3580,1878,1603
3581,1878,1684
3582,1878,2072
3583,3039,3073
3584,1879,2012
3585,3040,770
3586,3041,2415
3587,3041,770
3588,770,771
3589,772,355
3590,772,516
3591,772,706
3592,772,746
3593,772,804
3594,772,896
3595,772,911
3596,773,356
3597,773,451
3598,773,706
3599,773,773
3600,1880,1257
3601,1882,2101
3602,1883,1885
3603,1884,1885
3604,776,883
3605,1886,1097
3606,1886,1944
3607,1888,1887
3608,3042,2539
3609,1889,1344
3610,1890,1253
3611,3043,2419
3612,3043,185
3613,3043,2641
3614,3043,2909
3615,3043,2980
3616,3043,3111
3617,3043,3117
3618,3044,2216
3619,1891,1236
3620,1891,1439
3621,1892,1274
3622,1892,1296
3623,3045,3038
3624,3046,638
3625,3046,3201
3626,1893,1894
3627,1894,1893
3628,1895,779
3629,1895,1991
3630,780,88
3631,780,1203
3632,780,1239
3633,780,1282
3634,780,262
3635,780,267
3636,780,272
3637,780,1650
3638,780,1664
3639,780,1788
3640,780,732
3641,780,1895
3642,780,1921
3643,780,1991
3644,780,2064
3645,780,2149
3646,780,1006
3647,3047,2735
3648,781,2585
3649,781,858
3650,782,162
3651,782,2639
3652,782,2640
3653,782,754
3654,783,290
3655,3048,2290
3656,787,722
3657,3050,3049
3658,1896,1176
3659,1896,1393
3660,1896,1607
3661,1896,2051
3662,1898,1899
3663,3051,2234
3664,3051,2270
3665,3051,2510
3666,3051,3052
3667,3051,3054
3668,3052,2234
3669,3052,2510
3670,3052,3053
3671,788,89
3672,788,319
3673,788,546
3674,788,579
3675,788,875
3676,788,935
3677,1900,1221
3678,1900,1811
3679,3056,3055
3680,3057,3033
3681,1901,1300
3682,3058,3231
3683,1902,1286
3684,1902,1302
3685,791,188
3686,792,29
3687,792,793
3688,792,859
3689,1903,1624
3690,1903,1965
3691,1903,2032
3692,1903,2033
3693,793,740
3694,793,793
3695,793,818
3696,793,859
3697,3061,3060
3698,3061,3062
3699,1905,1027
3700,1905,1360
3701,3064,2637
3702,3065,3066
3703,3067,3065
3704,3067,3066
3705,3068,3069
3706,3071,2269
3707,3072,3071
3708,1906,2826
3709,1906,3123
3710,1906,2048
3711,794,240
3712,795,91
3713,795,2382
3714,795,1794
3715,795,1811
3716,1908,1166
3717,1908,1689
3718,1908,2176
3719,798,713
3720,799,167
3721,799,332
3722,799,365
3723,799,390
3724,799,391
3725,799,639
3726,799,640
3727,799,701
3728,799,707
3729,799,708
3730,799,777
3731,799,803
3732,800,93
3733,801,754
3734,801,802
3735,3075,2449
3736,804,746
3737,804,911
3738,805,516
3739,805,746
3740,805,804
3741,806,247
3742,806,2767
3743,809,136
3744,809,807
3745,809,808
3746,1910,1911
3747,1911,1248
3748,810,246
3749,1912,1083
3750,1912,1150
3751,3078,2744
3752,3080,2665
3753,3080,3079
3754,3081,3082
3755,3083,3084
3756,3084,3081
3757,3084,3082
3758,3085,2210
3759,3085,2275
3760,3085,2647
3761,3085,993
3762,1913,2143
3763,1914,1914
3764,1915,1790
3765,3086,3086
3766,3087,3109
3767,814,35
3768,814,121
3769,814,136
3770,814,188
3771,814,519
3772,814,723
3773,814,786
3774,814,807
3775,814,808
3776,814,816
3777,814,866
3778,814,884
3779,816,121
3780,816,723
3781,816,866
3782,817,171
3783,817,1002
3784,1916,1422
3785,1916,1572
3786,1916,1705
3787,1916,853
3788,3089,2712
3789,3090,3196
3790,1918,1188
3791,1918,1276
3792,1918,1298
3793,1918,1308
3794,1918,1739
3795,1918,1811
3796,1918,1853
3797,1918,1917
3798,1918,2023
3799,1918,2094
3800,1918,2095
3801,1918,2114
3802,1918,2148
3803,1918,2151
3804,1918,2159
3805,1918,2175
3806,819,634
3807,3091,3091
3808,1919,1721
3809,1919,1873
3810,1919,1920
3811,1920,1111
3812,1920,1663
3813,1920,1855
3814,1922,1901
3815,1924,1275
3816,1924,1404
3817,1924,1911
3818,3095,3096
3819,3095,3097
3820,3095,3182
3821,3096,3097
3822,3096,3182
3823,3099,2675
3824,3099,3098
3825,1925,2075
3826,821,3013
3827,822,125
3828,822,144
3829,822,145
3830,822,146
3831,822,242
3832,822,281
3833,822,360
3834,822,412
3835,822,417
3836,822,418
3837,822,472
3838,822,473
3839,822,767
3840,822,810
3841,822,879
3842,1926,1344
3843,3100,3101
3844,3102,3101
3845,3103,3104
3846,3103,3274
3847,824,970
3848,1927,1784
3849,1927,1785
3850,1927,1790
3851,1928,1784
3852,1928,1785
3853,1928,1790
3854,1928,1927
3855,1928,2022
3856,3106,2428
3857,3107,2441
3858,3107,2699
3859,3107,2840
3860,825,321
3861,3108,2516
3862,3108,2517
3863,1929,1698
3864,1929,2078
3865,828,2460
3866,828,1326
3867,1930,1487
3868,3110,2555
3869,830,176
3870,831,834
3871,831,886
3872,832,17
3873,834,964
3874,1931,2420
3875,836,837
3876,837,835
3877,838,108
3878,838,173
3879,838,201
3880,838,383
3881,838,384
3882,1935,1567
3883,1935,1576
3884,1935,1782
3885,1935,1936
3886,1937,1212
3887,1938,1019
3888,1940,1918
3889,3114,2239
3890,1941,1030
3891,1941,1244
3892,842,180
3893,842,842
3894,842,896
3895,1942,1050
3896,1944,1178
3897,1944,1945
3898,846,170
3899,846,287
3900,846,604
3901,846,848
3902,846,850
3903,847,18
3904,847,40
3905,847,43
3906,847,46
3907,847,49
3908,847,59
3909,847,81
3910,847,138
3911,847,181
3912,847,186
3913,847,187
3914,847,191
3915,847,202
3916,847,242
3917,847,307
3918,847,394
3919,847,409
3920,847,435
3921,847,436
3922,847,484
3923,847,506
3924,847,509
3925,847,519
3926,847,520
3927,847,526
3928,847,527
3929,847,529
3930,847,542
3931,847,583
3932,847,593
3933,847,594
3934,847,595
3935,847,712
3936,847,723
3937,847,729
3938,847,730
3939,847,741
3940,847,760
3941,847,761
3942,847,775
3943,847,785
3944,847,788
3945,847,814
3946,847,816
3947,847,826
3948,847,843
3949,847,966
3950,847,980
3951,847,983
3952,847,984
3953,847,996
3954,848,109
3955,848,348
3956,848,509
3957,848,515
3958,848,814
3959,848,816
3960,848,980
3961,848,983
3962,848,984
3963,848,985
3964,849,40
3965,849,607
3966,850,313
3967,850,604
3968,1946,1759
3969,1948,1825
3970,1949,1628
3971,1949,1948
3972,851,2336
3973,851,2756
3974,851,543
3975,3119,2336
3976,3119,2756
3977,1952,1112
3978,1952,1952
3979,852,565
3980,1956,251
3981,3121,3122
3982,3122,194
3983,3123,1698
3984,3123,2826
3985,853,1252
3986,853,753
3987,853,3296
3988,854,854
3989,1957,1026
3990,1957,1409
3991,855,2282
3992,855,2441
3993,855,432
3994,855,2699
3995,855,1675
3996,855,704
3997,855,733
3998,855,3107
3999,855,3124
4000,3124,2260
4001,3124,2337
4002,3124,2646
4003,3124,1849
4004,3125,2310
4005,3125,2390
4006,3125,2483
4007,3125,2485
4008,3125,2534
4009,3126,3126
4010,856,877
4011,857,345
4012,857,775
4013,3131,3130
4014,1959,1673
4015,1959,1958
4016,3133,2413
4017,3134,3133
4018,1966,1548
4019,1966,2112
4020,3136,3137
4021,1967,1013
4022,1967,1725
4023,1967,1967
4024,1968,474
4025,3138,2549
4026,860,214
4027,860,861
4028,862,1129
4029,862,90
4030,862,1212
4031,862,474
4032,862,534
4033,862,732
4034,862,1850
4035,862,1937
4036,862,1968
4037,862,1969
4038,862,862
4039,1970,1398
4040,1970,1399
4041,1970,1400
4042,1970,1971
4043,1971,1398
4044,1971,1400
4045,863,165
4046,863,857
4047,863,864
4048,863,865
4049,865,1216
4050,865,1240
4051,865,1933
4052,3140,2371
4053,1972,1091
4054,1972,1609
4055,1972,1643
4056,1972,1964
4057,1972,1968
4058,1972,2160
4059,1975,1156
4060,1975,1973
4061,1976,1999
4062,1977,1327
4063,1977,1974
4064,1977,2026
4065,1978,1449
4066,1979,1514
4067,1979,1978
4068,1979,2149
4069,3141,2673
4070,1980,1285
4071,1980,2032
4072,1980,2033
4073,1980,2112
4074,866,121
4075,866,569
4076,1984,1747
4077,867,1747
4078,867,868
4079,868,632
4080,3142,2769
4081,1985,1071
4082,1985,1350
4083,1985,1584
4084,1985,1734
4085,1986,1747
4086,3143,2964
4087,1988,1987
4088,3144,2283
4089,3146,3150
4090,3146,3295
4091,3147,3146
4092,3147,3149
4093,3147,3150
4094,3148,3146
4095,3149,3146
4096,3149,3150
4097,3150,3146
4098,3150,3149
4099,3151,2219
4100,3151,3146
4101,3151,962
4102,1989,1241
4103,1989,1514
4104,1989,2149
4105,3152,3152
4106,872,213
4107,872,778
4108,873,576
4109,1990,1311
4110,1990,762
4111,1991,1921
4112,3153,2460
4113,3154,2459
4114,874,2429
4115,3155,2429
4116,3155,874
4117,3156,3159
4118,1994,1214
4119,1994,1819
4120,3157,2313
4121,1995,1997
4122,1996,1179
4123,1997,1179
4124,1997,1996
4125,3161,2295
4126,876,65
4127,876,1247
4128,876,2400
4129,876,2401
4130,876,1489
4131,876,2638
4132,876,1724
4133,876,725
4134,876,732
4135,876,2104
4136,876,992
4137,876,3303
4138,877,718
4139,1998,1281
4140,1999,1281
4141,3162,2460
4142,878,269
4143,2000,1845
4144,2002,1452
4145,2002,1954
4146,2002,1955
4147,2003,1487
4148,2003,2002
4149,2004,1214
4150,2004,1461
4151,2004,1571
4152,2005,1332
4153,880,645
4154,880,774
4155,2006,1214
4156,2006,1258
4157,2006,1422
4158,2006,1571
4159,2006,2005
4160,2006,2109
4161,2006,2110
4162,2006,2112
4163,3164,2340
4164,2007,1034
4165,2008,1341
4166,2009,1224
4167,3165,2437
4168,882,779
4169,2010,2010
4170,2010,2011
4171,2010,2012
4172,2011,2012
4173,3167,2334
4174,3167,2444
4175,3167,3168
4176,3168,2444
4177,3169,3014
4178,3169,3015
4179,2014,1033
4180,2014,1759
4181,2014,2015
4182,2015,2014
4183,2016,2017
4184,3170,2869
4185,2018,1295
4186,886,1010
4187,3171,2223
4188,3172,2403
4189,3172,3304
4190,2019,1398
4191,2019,1400
4192,887,1281
4193,887,262
4194,887,2728
4195,887,686
4196,887,687
4197,887,697
4198,887,779
4199,887,1951
4200,887,1998
4201,887,1999
4202,2021,2079
4203,3173,2251
4204,888,357
4205,2022,1402
4206,2022,1784
4207,2022,1790
4208,2022,1927
4209,2022,2022
4210,889,890
4211,891,428
4212,891,2728
4213,891,924
4214,3174,2728
4215,3175,2324
4216,3175,3074
4217,892,500
4218,892,703
4219,893,703
4220,894,73
4221,3176,2343
4222,2025,1235
4223,3177,3178
4224,3178,2428
4225,3179,3179
4226,897,557
4227,897,3093
4228,898,197
4229,2027,1065
4230,2027,1093
4231,2030,2090
4232,2031,1238
4233,2031,946
4234,2033,2032
4235,2034,1289
4236,2034,1776
4237,2034,1981
4238,900,810
4239,2039,2038
4240,3183,401
4241,3183,404
4242,3183,3184
4243,3185,402
4244,3185,2864
4245,901,555
4246,901,902
4247,902,555
4248,2040,2028
4249,2040,2029
4250,903,685
4251,3186,2381
4252,3186,2961
4253,2042,1283
4254,3188,2247
4255,3188,3189
4256,3189,2247
4257,3189,2366
4258,3190,2240
4259,3190,3116
4260,905,2278
4261,905,88
4262,905,1231
4263,905,1234
4264,905,2669
4265,905,2670
4266,905,2686
4267,905,2728
4268,905,673
4269,905,685
4270,905,686
4271,905,687
4272,905,697
4273,905,732
4274,905,768
4275,905,3040
4276,905,3041
4277,905,802
4278,905,1969
4279,905,3191
4280,905,2081
4281,905,2161
4282,908,852
4283,3193,2294
4284,909,446
4285,912,826
4286,3195,2349
4287,3195,2746
4288,2046,1133
4289,2046,2047
4290,2048,1777
4291,2048,1846
4292,2049,1151
4293,2049,1252
4294,2049,1308
4295,2049,1703
4296,2049,1845
4297,2049,1846
4298,2049,1964
4299,2049,2001
4300,2049,2032
4301,2049,2033
4302,2049,2048
4303,2049,2049
4304,2049,2050
4305,2049,2075
4306,2049,2175
4307,2050,1285
4308,2050,1332
4309,2050,1423
4310,2050,1542
4311,2050,1648
4312,2050,853
4313,2050,1980
4314,2050,2006
4315,2050,2032
4316,2050,2033
4317,2050,2112
4318,3197,3197
4319,3198,3199
4320,3199,3199
4321,2052,1463
4322,2052,1490
4323,2052,1590
4324,2052,2025
4325,2052,2072
4326,3202,2468
4327,3202,2540
4328,3202,3033
4329,3202,3203
4330,3204,2468
4331,916,5
4332,916,36
4333,916,63
4334,916,77
4335,916,274
4336,916,329
4337,916,400
4338,916,595
4339,916,617
4340,916,661
4341,916,813
4342,2053,1273
4343,2054,2072
4344,2055,2054
4345,2055,2056
4346,2056,1341
4347,917,112
4348,917,149
4349,917,150
4350,917,325
4351,917,326
4352,917,327
4353,3207,2257
4354,3207,3207
4355,3208,2791
4356,3209,2393
4357,3210,2970
4358,2060,1201
4359,3212,2208
4360,3212,3213
4361,3212,3216
4362,3213,3211
4363,3215,2287
4364,3218,2433
4365,919,764
4366,919,1010
4367,3220,2972
4368,3220,3105
4369,2063,1048
4370,2064,1921
4371,2064,2065
4372,2066,1788
4373,2067,2067
4374,2068,1345
4375,2069,2068
4376,922,896
4377,924,222
4378,925,431
4379,925,868
4380,2076,1245
4381,2077,2175
4382,926,244
4383,926,253
4384,926,259
4385,926,483
4386,926,918
4387,926,927
4388,927,147
4389,927,456
4390,928,651
4391,3225,2968
4392,2080,1300
4393,2080,1333
4394,2080,1704
4395,2080,1705
4396,2080,1926
4397,2080,1954
4398,930,939
4399,2081,1305
4400,2081,665
4401,2081,1876
4402,2081,2161
4403,2082,2082
4404,2083,1328
4405,2083,1356
4406,2083,1369
4407,2083,1637
4408,2083,2082
4409,3226,3227
4410,3227,2346
4411,2084,2104
4412,2085,2087
4413,2087,2086
4414,2088,1372
4415,2089,2087
4416,2091,2064
4417,3228,2456
4418,3228,2624
4419,3228,2037
4420,3228,3228
4421,3229,3230
4422,3232,3233
4423,3234,3205
4424,932,202
4425,932,240
4426,932,386
4427,932,654
4428,932,869
4429,2098,1276
4430,2098,2071
4431,933,202
4432,933,247
4433,933,970
4434,934,680
4435,3235,2214
4436,3235,2845
4437,3236,2480
4438,2100,2102
4439,2101,2102
4440,3237,3238
4441,936,937
4442,937,877
4443,3239,2772
4444,2105,1100
4445,2105,1144
4446,2105,311
4447,2105,1579
4448,2105,1723
4449,2105,3044
4450,3240,2435
4451,3240,2443
4452,3240,2883
4453,3240,3222
4454,2106,1751
4455,3241,3242
4456,938,394
4457,938,506
4458,938,939
4459,940,393
4460,940,394
4461,940,938
4462,940,939
4463,941,938
4464,942,730
4465,2107,2108
4466,2109,2110
4467,2110,2005
4468,2110,2112
4469,2111,2112
4470,2112,1332
4471,943,944
4472,944,258
4473,946,1238
4474,946,706
4475,947,974
4476,3244,2438
4477,3244,2667
4478,3246,3245
4479,948,328
4480,2118,774
4481,2118,2024
4482,3250,3251
4483,951,277
4484,951,399
4485,2119,1536
4486,2121,1299
4487,2121,1964
4488,3253,3252
4489,3254,2297
4490,953,415
4491,953,684
4492,954,379
4493,954,737
4494,3256,2653
4495,3257,2414
4496,956,54
4497,956,633
4498,956,1894
4499,3258,341
4500,958,844
4501,959,959
4502,3259,2477
4503,3260,3261
4504,3260,3263
4505,2126,2062
4506,2126,2127
4507,3261,3263
4508,960,2415
4509,960,711
4510,3262,2629
4511,3262,1651
4512,3262,1823
4513,961,1488
4514,961,635
4515,3265,3000
4516,3267,185
4517,3267,3266
4518,3268,3266
4519,3269,2230
4520,3270,2308
4521,2128,1244
4522,3272,2767
4523,2130,2129
4524,2130,963
4525,2131,2129
4526,963,212
4527,963,2129
4528,966,186
4529,3273,2237
4530,3273,446
4531,3274,2351
4532,3274,3013
4533,3275,2410
4534,2135,1053
4535,2135,1194
4536,2135,1680
4537,2135,2141
4538,2136,1394
4539,2136,1747
4540,2137,1069
4541,2137,1211
4542,2137,2147
4543,3276,2450
4544,3277,2771
4545,2139,1255
4546,2139,1498
4547,2139,1828
4548,968,727
4549,968,969
4550,969,1707
4551,969,684
4552,3278,2701
4553,972,55
4554,972,3279
4555,972,971
4556,3280,2330
4557,3281,3222
4558,2142,2143
4559,2142,2144
4560,3283,3284
4561,973,196
4562,2145,1805
4563,2145,2054
4564,2146,2162
4565,976,355
4566,976,516
4567,977,355
4568,977,516
4569,3285,2365
4570,3286,2379
4571,3286,2437
4572,3286,2703
4573,3286,2721
4574,3286,2864
4575,3288,3287
4576,978,1549
4577,978,917
4578,3289,3248
4579,979,237
4580,979,242
4581,979,493
4582,979,750
4583,979,885
4584,979,935
4585,979,980
4586,980,160
4587,980,990
4588,981,982
4589,982,622
4590,3290,2334
4591,3290,2444
4592,3290,3167
4593,3290,3168
4594,985,350
4595,985,515
4596,985,629
4597,985,917
4598,986,61
4599,986,84
4600,986,226
4601,986,495
4602,986,548
4603,986,642
4604,986,651
4605,986,750
4606,986,875
4607,986,935
4608,986,943
4609,986,959
4610,986,980
4611,986,995
4612,3291,2318
4613,2148,1203
4614,2148,2150
4615,2149,1921
4616,2151,1432
4617,2151,1433
4618,987,176
4619,987,180
4620,3292,3292
4621,2153,1800
4622,2155,1611
4623,989,990
4624,991,74
4625,2156,1072
4626,992,65
4627,992,725
4628,2157,1231
4629,3293,2624
4630,2159,2175
4631,993,605
4632,993,1721
4633,993,3085
4634,2160,1968
4635,2161,1921
4636,3294,2495
4637,994,752
4638,994,990
4639,995,935
4640,996,751
4641,996,752
4642,996,994
4643,3297,2685
4644,3297,2879
4645,2164,2163
4646,998,54
4647,998,67
4648,998,105
4649,998,106
4650,998,176
4651,998,998
4652,998,1000
4653,999,28
4654,999,54
4655,999,67
4656,999,105
4657,999,106
4658,999,714
4659,999,956
4660,999,987
4661,999,998
4662,999,1000
4663,1000,67
4664,1000,956
4665,1000,998
4666,1000,1000
4667,3298,2743
4668,1001,7
4669,1001,377
4670,1001,762
4671,1003,247
4672,1003,494
4673,1004,7
4674,1004,2316
4675,1004,122
4676,1004,1336
4677,1004,355
4678,1004,365
4679,1004,481
4680,1004,501
4681,1004,502
4682,1004,516
4683,1004,1597
4684,1004,619
4685,1004,802
4686,1004,901
4687,1004,920
4688,1005,51
4689,1005,1197
4690,1005,1336
4691,1005,481
4692,1005,1586
4693,1005,2860
4694,1005,680
4695,1005,920
4696,1006,779
4697,2166,1170
4698,3303,2399
4699,3305,1529
4700,3305,2654
4701,3305,2166
4702,2168,1801
4703,2168,2168
4704,3306,3302
4705,2169,1133
4706,2169,1170
4707,2169,1529
4708,2169,2166
4709,3308,3309
4710,2171,2172
4711,2174,1385
4712,2174,2173
4713,1008,455
4714,2175,2122
