,nodeA,nodeB,weight
0,163,402,1
1,163,659,1
2,163,1696,1
3,163,2295,1
4,163,1274,1
5,163,1286,1
6,163,1544,1
7,163,2600,1
8,163,2363,1
9,163,1905,1
10,163,1611,1
11,163,141,1
12,163,1807,1
13,163,1110,1
14,163,174,1
15,163,2521,1
16,163,1792,1
17,163,1675,1
18,163,1334,1
19,163,813,1
20,163,1799,1
21,163,1943,1
22,163,2077,1
23,163,765,1
24,163,769,1
25,163,781,1
26,163,940,1
27,163,942,1
28,163,1590,1
29,163,1734,1
30,163,1872,1
31,163,2286,1
32,163,390,1
33,163,1717,1
34,163,1030,1
35,163,2274,1
36,163,2518,1
37,163,606,1
38,163,800,1
39,163,1575,1
40,163,546,1
41,163,1070,1
42,163,309,1
43,163,935,1
44,163,1205,1
45,163,1571,1
46,163,1971,1
47,163,1127,1
48,163,530,1
49,163,856,1
50,163,2604,1
51,163,910,1
52,163,2173,1
53,163,191,1
54,163,1253,1
55,163,1728,1
56,163,1729,1
57,163,1206,1
58,163,2177,1
59,163,1136,1
60,163,1457,1
61,163,2265,1
62,163,1225,1
63,163,2563,1
64,163,1689,1
65,163,1498,1
66,163,563,1
67,163,2396,1
68,163,717,1
69,163,1890,1
70,163,188,1
71,163,982,1
72,163,1130,1
73,163,55,1
74,163,346,1
75,163,2673,1
76,163,1379,1
77,163,1380,1
78,163,1207,1
79,163,2451,1
80,163,961,1
81,163,42,1
82,163,624,1
83,163,1573,1
84,163,2232,1
85,163,145,1
86,163,2361,1
87,163,2659,1
88,163,743,1
89,163,744,1
90,163,1139,1
91,163,1572,1
92,163,1303,1
93,163,1305,1
94,163,129,1
95,163,415,1
96,163,2204,1
97,163,1224,1
98,163,219,1
99,163,2667,1
100,163,727,1
101,163,448,1
102,163,237,1
103,163,2557,1
104,163,2200,1
105,163,22,1
106,163,1218,1
107,163,2202,1
108,163,1069,1
109,163,1178,1
110,163,2175,1
111,163,966,1
112,163,1219,1
113,163,757,1
114,163,1685,1
115,163,1691,1
116,163,1850,1
117,163,1159,1
118,163,1410,1
119,163,380,1
120,163,1536,1
121,163,1650,1
122,163,1558,1
123,163,2564,1
124,163,2298,1
125,163,1362,1
126,163,1784,1
127,163,1831,1
128,163,1065,1
129,163,290,1
130,163,1277,1
131,163,395,1
132,163,1098,1
133,163,1404,1
134,163,1099,1
135,163,2196,1
136,163,2554,1
137,163,1715,1
138,163,2248,1
139,163,2251,1
140,163,2280,1
141,163,2296,1
142,163,1113,1
143,163,714,1
144,163,2638,1
145,163,602,1
146,163,1530,1
147,163,1257,1
148,163,2259,1
149,163,689,1
150,163,1060,1
151,163,2039,1
152,163,1594,1
153,163,2116,1
154,163,1775,1
155,163,422,1
156,163,2316,1
157,163,266,1
158,163,658,1
159,163,1333,1
160,163,1153,1
161,163,1515,1
162,163,1114,1
163,163,523,1
164,163,1106,1
165,163,1467,1
166,168,475,1
167,168,1756,1
168,168,2604,1
169,552,548,1
170,552,374,1
171,552,451,1
172,552,472,1
173,552,2,1
174,552,305,1
175,552,239,1
176,552,446,1
177,552,644,1
178,552,220,1
179,552,311,1
180,552,653,1
181,552,16,1
182,552,173,1
183,552,554,1
184,552,559,1
185,552,412,1
186,552,723,1
187,552,85,1
188,552,688,1
189,552,621,1
190,552,636,1
191,552,738,1
192,552,749,1
193,552,57,1
194,552,60,1
195,552,210,1
196,552,671,1
197,552,167,1
198,552,92,1
199,552,691,1
200,552,367,1
201,552,466,1
202,552,473,1
203,552,483,1
204,552,575,1
205,552,455,1
206,552,298,1
207,552,601,1
208,552,370,1
209,552,306,1
210,552,277,1
211,1459,2078,1
212,1459,2221,1
213,1459,1687,1
214,1459,2404,1
215,1459,775,1
216,1459,1540,1
217,1459,633,1
218,1459,749,1
219,1459,57,1
220,1459,45,1
221,1459,1137,1
222,1459,210,1
223,1459,671,1
224,1459,167,1
225,1459,473,1
226,1459,566,1
227,1459,804,1
228,554,446,1
229,554,1859,1
230,554,167,1
231,554,306,1
232,559,34,1
233,559,1816,1
234,559,167,1
235,682,1791,1
236,682,2430,1
237,87,383,1
238,87,47,1
239,87,2245,1
240,92,2438,1
241,1892,2131,1
242,1994,2097,1
243,1994,2241,1
244,1994,1995,1
245,1994,1800,1
246,1995,2097,1
247,1995,1907,1
248,1995,1800,1
249,523,478,1
250,523,870,1
251,523,2442,1
252,523,2600,1
253,523,1616,1
254,523,2551,1
255,523,910,1
256,523,882,1
257,523,283,1
258,523,1214,1
259,523,1687,1
260,523,1931,1
261,523,2408,1
262,523,961,1
263,523,54,1
264,523,2642,1
265,523,1676,1
266,523,508,1
267,523,540,1
268,523,415,1
269,523,1790,1
270,523,465,1
271,523,565,1
272,523,2480,1
273,523,551,1
274,523,1921,1
275,523,277,1
276,608,394,1
277,608,2230,1
278,608,680,1
279,608,975,1
280,608,179,1
281,608,133,1
282,608,611,1
283,611,899,1
284,611,2230,1
285,611,2501,1
286,611,1103,1
287,611,2340,1
288,611,2352,1
289,611,718,1
290,611,864,1
291,611,2505,1
292,611,1755,1
293,611,1763,1
294,611,2050,1
295,611,386,1
296,611,179,1
297,611,716,1
298,611,1732,1
299,611,511,1
300,611,2540,1
301,611,2676,1
302,611,2385,1
303,611,1668,1
304,611,28,1
305,611,633,1
306,611,1352,1
307,611,579,1
308,611,1493,1
309,611,133,1
310,611,1116,1
311,611,1564,1
312,611,368,1
313,611,1488,1
314,611,2378,1
315,611,938,1
316,611,1265,1
317,611,1935,1
318,611,1499,1
319,611,2260,1
320,611,1315,1
321,611,2325,1
322,611,601,1
323,611,413,1
324,1534,1597,1
325,1534,1163,1
326,1534,1556,1
327,1534,1498,1
328,1534,1278,1
329,1534,1122,1
330,1534,289,1
331,1534,1148,1
332,1535,1348,1
333,1535,629,1
334,1535,289,1
335,1537,1556,1
336,1537,1348,1
337,1537,629,1
338,1537,289,1
339,1537,1535,1
340,612,2568,1
341,612,289,1
342,612,1046,1
343,2302,403,1
344,2302,1353,1
345,2302,2111,1
346,2302,1880,1
347,2302,2104,1
348,402,403,1
349,402,681,1
350,403,2104,1
351,2309,403,1
352,2309,681,1
353,2309,1325,1
354,2527,1956,1
355,2527,2100,1
356,2527,1961,1
357,2537,1846,1
358,2537,2198,1
359,2537,451,1
360,2537,1927,1
361,1560,2198,1
362,1560,535,1
363,1560,791,1
364,1560,1161,1
365,1560,456,1
366,638,2465,1
367,638,2146,1
368,638,701,1
369,638,862,1
370,638,722,1
371,638,1808,1
372,638,1189,1
373,638,383,1
374,638,618,1
375,638,1460,1
376,638,1312,1
377,638,1468,1
378,638,1895,1
379,638,2673,1
380,638,2171,1
381,638,441,1
382,638,227,1
383,638,296,1
384,638,2541,1
385,638,2045,1
386,638,1327,1
387,638,264,1
388,638,779,1
389,638,348,1
390,638,89,1
391,638,1027,1
392,638,521,1
393,638,2426,1
394,638,375,1
395,638,1539,1
396,638,1919,1
397,638,449,1
398,747,83,1
399,747,336,1
400,747,73,1
401,747,600,1
402,747,203,1
403,747,349,1
404,747,112,1
405,747,234,1
406,747,458,1
407,747,680,1
408,747,695,1
409,747,198,1
410,747,502,1
411,747,724,1
412,747,328,1
413,747,397,1
414,747,737,1
415,747,599,1
416,747,665,1
417,747,545,1
418,747,186,1
419,747,494,1
420,747,609,1
421,747,610,1
422,747,315,1
423,747,330,1
424,747,386,1
425,747,620,1
426,747,229,1
427,747,235,1
428,747,700,1
429,747,628,1
430,747,526,1
431,747,527,1
432,747,763,1
433,747,146,1
434,747,283,1
435,747,104,1
436,747,771,1
437,747,572,1
438,747,699,1
439,747,217,1
440,747,110,1
441,747,202,1
442,747,204,1
443,747,43,1
444,747,655,1
445,747,72,1
446,747,579,1
447,747,26,1
448,747,685,1
449,747,368,1
450,747,18,1
451,747,779,1
452,747,542,1
453,747,588,1
454,747,703,1
455,747,741,1
456,747,310,1
457,747,124,1
458,747,127,1
459,747,719,1
460,747,153,1
461,747,205,1
462,747,207,1
463,747,113,1
464,747,696,1
465,747,489,1
466,747,561,1
467,747,369,1
468,747,175,1
469,747,353,1
470,747,91,1
471,747,362,1
472,66,2359,1
473,66,1248,1
474,66,2294,1
475,66,69,1
476,66,215,1
477,66,2310,1
478,66,1531,1
479,66,2441,1
480,66,2122,1
481,66,183,1
482,66,34,1
483,66,1698,1
484,66,149,1
485,66,2520,1
486,66,288,1
487,66,2157,1
488,1136,1286,1
489,1136,1030,1
490,1136,800,1
491,1136,1740,1
492,1136,1575,1
493,1136,935,1
494,1136,1063,1
495,1136,1142,1
496,1136,1018,1
497,1136,727,1
498,1136,1558,1
499,1136,1516,1
500,1136,1060,1
501,1136,1594,1
502,1136,1333,1
503,1142,1018,1
504,345,117,1
505,345,2389,1
506,345,2266,1
507,345,1924,1
508,345,261,1
509,1256,881,1
510,1351,900,1
511,2474,2425,1
512,2474,2078,1
513,580,922,1
514,580,1212,1
515,1496,1125,1
516,1497,901,1
517,1497,1163,1
518,1497,580,1
519,1497,1212,1
520,581,222,1
521,581,49,1
522,581,50,1
523,581,580,1
524,582,818,1
525,582,259,1
526,582,1792,1
527,582,1498,1
528,1498,2398,1
529,1498,1163,1
530,1498,2158,1
531,1498,1049,1
532,1498,1071,1
533,1498,1351,1
534,1498,2450,1
535,1498,1483,1
536,583,2398,1
537,583,2568,1
538,583,50,1
539,583,1214,1
540,583,1278,1
541,583,1126,1
542,583,64,1
543,583,284,1
544,583,643,1
545,583,2371,1
546,1512,1235,1
547,1512,1671,1
548,1512,949,1
549,1512,1087,1
550,1512,999,1
551,1512,1463,1
552,1512,1335,1
553,1512,1267,1
554,1512,1608,1
555,2508,1235,1
556,2508,2577,1
557,2508,2137,1
558,2508,632,1
559,2508,322,1
560,251,2560,1
561,251,6,1
562,251,932,1
563,251,1877,1
564,251,482,1
565,251,88,1
566,251,1505,1
567,344,1622,1
568,344,1,1
569,344,2617,1
570,344,2609,1
571,344,1671,1
572,344,335,1
573,344,1881,1
574,344,2339,1
575,344,2441,1
576,344,2229,1
577,344,963,1
578,344,316,1
579,344,1442,1
580,344,1445,1
581,344,2589,1
582,344,1312,1
583,344,1627,1
584,344,2032,1
585,344,2171,1
586,344,1267,1
587,344,1275,1
588,344,2290,1
589,344,2291,1
590,344,1260,1
591,344,348,1
592,344,1244,1
593,344,675,1
594,344,521,1
595,344,2426,1
596,344,1007,1
597,569,1181,1
598,569,767,1
599,569,550,1
600,569,1273,1
601,569,1092,1
602,569,1712,1
603,569,255,1
604,569,1522,1
605,569,1986,1
606,569,1457,1
607,569,1430,1
608,569,2099,1
609,569,514,1
610,569,710,1
611,569,1269,1
612,569,1000,1
613,569,456,1
614,569,1025,1
615,1484,1521,1
616,1484,1057,1
617,1484,1692,1
618,1484,1220,1
619,1484,1092,1
620,1484,931,1
621,1484,822,1
622,1484,1522,1
623,1484,1430,1
624,1484,1482,1
625,1484,1197,1
626,1484,1500,1
627,1484,1237,1
628,570,212,1
629,570,2026,1
630,570,1258,1
631,570,1381,1
632,570,1200,1
633,570,1243,1
634,570,1246,1
635,570,1524,1
636,570,1709,1
637,570,169,1
638,570,1922,1
639,570,1814,1
640,570,872,1
641,570,59,1
642,570,874,1
643,570,1245,1
644,570,1067,1
645,2486,1970,1
646,576,605,1
647,576,863,1
648,576,212,1
649,576,293,1
650,576,2026,1
651,576,1258,1
652,576,1381,1
653,576,1526,1
654,576,1200,1
655,576,330,1
656,576,354,1
657,576,1524,1
658,576,1710,1
659,576,570,1
660,576,1922,1
661,576,726,1
662,576,1801,1
663,576,834,1
664,576,839,1
665,576,1814,1
666,576,1014,1
667,576,2552,1
668,576,1932,1
669,576,59,1
670,576,874,1
671,576,1245,1
672,576,355,1
673,576,1067,1
674,2498,2147,1
675,2498,2567,1
676,2498,2500,1
677,2498,2322,1
678,2499,203,1
679,2499,2147,1
680,2499,863,1
681,2499,2376,1
682,2499,1787,1
683,2499,2505,1
684,2499,1871,1
685,2499,2357,1
686,2499,2385,1
687,2499,2422,1
688,2499,2498,1
689,2499,2500,1
690,2499,2322,1
691,2499,1418,1
692,2499,359,1
693,2499,1935,1
694,2499,1068,1
695,2500,2376,1
696,2500,2422,1
697,2500,2498,1
698,2500,2322,1
699,2500,1068,1
700,2570,480,1
701,2570,667,1
702,2570,1928,1
703,2570,1806,1
704,1122,799,1
705,1122,1194,1
706,1122,594,1
707,1123,539,1
708,1123,541,1
709,1123,1188,1
710,1123,1176,1
711,1123,75,1
712,1123,1483,1
713,1125,817,1
714,1125,818,1
715,1125,857,1
716,1125,1483,1
717,1126,2489,1
718,1126,923,1
719,1126,580,1
720,1126,1497,1
721,1126,1212,1
722,1212,817,1
723,1212,818,1
724,1212,819,1
725,1212,1552,1
726,1215,1699,1
727,1215,818,1
728,1215,819,1
729,1215,1209,1
730,1215,580,1
731,1215,1707,1
732,1215,824,1
733,1215,825,1
734,347,713,1
735,347,998,1
736,347,999,1
737,347,452,1
738,347,84,1
739,1240,912,1
740,1240,1201,1
741,1240,841,1
742,1240,897,1
743,1240,998,1
744,1240,999,1
745,1240,987,1
746,1240,1086,1
747,1240,742,1
748,1240,1141,1
749,1240,1241,1
750,1240,950,1
751,1240,84,1
752,1240,1347,1
753,1240,1147,1
754,1241,912,1
755,1241,998,1
756,1241,1141,1
757,1241,1240,1
758,1241,950,1
759,1241,84,1
760,1241,1347,1
761,1241,1147,1
762,1322,1622,1
763,1322,1020,1
764,1322,2539,1
765,1322,1027,1
766,1322,323,1
767,426,29,1
768,426,335,1
769,426,2369,1
770,426,1576,1
771,426,836,1
772,426,1187,1
773,426,2126,1
774,426,1486,1
775,426,937,1
776,426,303,1
777,426,1275,1
778,426,1061,1
779,426,1528,1
780,426,318,1
781,426,2431,1
782,1328,1423,1
783,1328,1584,1
784,1328,1101,1
785,1328,1031,1
786,1328,1513,1
787,1328,927,1
788,1328,1412,1
789,1328,1155,1
790,1328,1020,1
791,1328,1109,1
792,1328,1111,1
793,1328,1568,1
794,1328,947,1
795,1328,783,1
796,1328,785,1
797,1328,1173,1
798,1328,1107,1
799,2338,1024,1
800,2338,1478,1
801,2338,2677,1
802,2338,2127,1
803,2338,1986,1
804,2338,2443,1
805,1329,2127,1
806,1329,1049,1
807,1329,1071,1
808,1329,1986,1
809,1329,1020,1
810,427,2044,1
811,427,2295,1
812,427,1274,1
813,427,1766,1
814,427,1914,1
815,427,2255,1
816,427,1103,1
817,427,1811,1
818,427,2383,1
819,427,493,1
820,427,2453,1
821,427,1760,1
822,427,665,1
823,427,2574,1
824,427,2388,1
825,427,1399,1
826,427,1405,1
827,427,494,1
828,427,610,1
829,427,587,1
830,427,2258,1
831,427,823,1
832,427,1318,1
833,427,526,1
834,427,1547,1
835,427,2412,1
836,427,1037,1
837,427,146,1
838,427,2306,1
839,427,312,1
840,427,202,1
841,427,1283,1
842,427,1284,1
843,427,230,1
844,427,2658,1
845,427,399,1
846,427,698,1
847,427,406,1
848,427,1975,1
849,427,250,1
850,427,584,1
851,427,304,1
852,427,2448,1
853,427,2683,1
854,427,1488,1
855,427,18,1
856,427,954,1
857,427,2437,1
858,427,916,1
859,427,1999,1
860,427,674,1
861,427,946,1
862,427,1577,1
863,427,658,1
864,427,205,1
865,427,696,1
866,427,461,1
867,427,1340,1
868,427,561,1
869,427,353,1
870,427,391,1
871,430,2487,1
872,430,1617,1
873,430,2593,1
874,430,1637,1
875,430,683,1
876,430,2033,1
877,430,1165,1
878,430,1792,1
879,430,2197,1
880,430,2137,1
881,430,223,1
882,430,1020,1
883,430,524,1
884,430,1698,1
885,430,381,1
886,430,1284,1
887,430,651,1
888,430,1207,1
889,430,2343,1
890,430,547,1
891,430,1568,1
892,430,632,1
893,430,2557,1
894,430,208,1
895,430,686,1
896,430,172,1
897,430,177,1
898,430,89,1
899,430,1270,1
900,430,119,1
901,430,52,1
902,430,236,1
903,2342,2593,1
904,2342,2577,1
905,2342,2197,1
906,2342,381,1
907,2342,497,1
908,2342,2151,1
909,2342,1270,1
910,1335,1024,1
911,1335,1478,1
912,1335,944,1
913,1335,1607,1
914,1335,1512,1
915,1335,1223,1
916,1335,885,1
917,1335,1270,1
918,1335,1032,1
919,1336,1478,1
920,1336,1027,1
921,1337,944,1
922,1337,1020,1
923,1337,1335,1
924,1337,2343,1
925,1337,2300,1
926,2343,2443,1
927,1339,434,1
928,1339,2677,1
929,1339,1335,1
930,1339,1111,1
931,1339,1570,1
932,1339,2443,1
933,438,79,1
934,438,550,1
935,438,96,1
936,438,21,1
937,438,607,1
938,438,227,1
939,438,296,1
940,438,616,1
941,438,710,1
942,438,692,1
943,438,720,1
944,438,391,1
945,289,2568,1
946,289,1498,1
947,289,1278,1
948,289,64,1
949,2276,1864,1
950,2692,1370,1
951,2692,2038,1
952,2692,2172,1
953,71,929,1
954,71,677,1
955,71,2442,1
956,71,1559,1
957,71,1923,1
958,71,661,1
959,71,1641,1
960,74,906,1
961,74,1024,1
962,74,1017,1
963,74,1103,1
964,74,871,1
965,74,949,1
966,74,1220,1
967,74,1634,1
968,74,680,1
969,74,604,1
970,74,2513,1
971,74,2266,1
972,74,154,1
973,74,975,1
974,74,2654,1
975,74,2284,1
976,74,2335,1
977,74,505,1
978,74,511,1
979,74,987,1
980,74,2013,1
981,74,252,1
982,74,345,1
983,74,1676,1
984,74,622,1
985,74,547,1
986,74,881,1
987,74,787,1
988,74,2390,1
989,74,1928,1
990,74,263,1
991,74,71,1
992,74,661,1
993,74,2124,1
994,74,310,1
995,74,377,1
996,74,19,1
997,74,867,1
998,76,869,1
999,76,1128,1
1000,76,131,1
1001,76,975,1
1002,76,694,1
1003,76,1934,1
1004,76,345,1
1005,76,181,1
1006,76,2532,1
1007,76,250,1
1008,76,2390,1
1009,76,661,1
1010,76,2327,1
1011,76,1548,1
1012,76,392,1
1013,76,518,1
1014,1151,1350,1
1015,294,83,1
1016,294,1353,1
1017,294,21,1
1018,294,502,1
1019,294,1438,1
1020,294,665,1
1021,294,103,1
1022,294,186,1
1023,294,173,1
1024,294,638,1
1025,294,554,1
1026,294,191,1
1027,294,1672,1
1028,294,807,1
1029,294,252,1
1030,294,699,1
1031,294,85,1
1032,294,633,1
1033,294,636,1
1034,294,2476,1
1035,294,2430,1
1036,294,465,1
1037,294,466,1
1038,294,477,1
1039,294,483,1
1040,294,564,1
1041,294,565,1
1042,294,566,1
1043,294,588,1
1044,294,128,1
1045,294,153,1
1046,294,277,1
1047,2246,2475,1
1048,1259,1944,1
1049,1259,2213,1
1050,1259,1081,1
1051,1259,1082,1
1052,1259,893,1
1053,1259,92,1
1054,1259,2312,1
1055,1259,521,1
1056,1259,136,1
1057,1269,1312,1
1058,1269,2618,1
1059,1269,876,1
1060,1269,1260,1
1061,591,2690,1
1062,591,2155,1
1063,591,287,1
1064,591,1186,1
1065,591,453,1
1066,591,549,1
1067,591,1358,1
1068,591,2475,1
1069,591,2182,1
1070,591,848,1
1071,591,199,1
1072,591,488,1
1073,591,1032,1
1074,591,1105,1
1075,2520,2359,1
1076,2637,2652,1
1077,70,1521,1
1078,70,1692,1
1079,70,255,1
1080,70,931,1
1081,70,999,1
1082,70,1986,1
1083,75,2122,1
1084,75,2299,1
1085,75,1854,1
1086,75,1855,1
1087,75,288,1
1088,1854,2122,1
1089,1854,1976,1
1090,1854,2048,1
1091,1854,2645,1
1092,1854,2299,1
1093,1854,2482,1
1094,1854,1855,1
1095,1855,2122,1
1096,1855,2482,1
1097,1855,1854,1
1098,1864,2122,1
1099,1864,1854,1
1100,1864,1855,1
1101,84,12,1
1102,84,715,1
1103,84,998,1
1104,84,155,1
1105,84,347,1
1106,84,1240,1
1107,84,27,1
1108,84,950,1
1109,84,1803,1
1110,84,1347,1
1111,84,1550,1
1112,1028,1435,1
1113,1028,1037,1
1114,1028,206,1
1115,1028,1042,1
1116,1028,1610,1
1117,359,203,1
1118,359,2376,1
1119,359,1787,1
1120,359,2567,1
1121,359,2505,1
1122,359,1871,1
1123,359,330,1
1124,359,1320,1
1125,359,2422,1
1126,359,2498,1
1127,359,2499,1
1128,359,2322,1
1129,359,808,1
1130,359,1342,1
1131,359,1068,1
1132,476,605,1
1133,476,1091,1
1134,476,1056,1
1135,2378,2050,1
1136,2378,2335,1
1137,2378,1668,1
1138,2378,611,1
1139,1621,300,1
1140,1621,1448,1
1141,1621,1194,1
1142,1621,594,1
1143,1621,824,1
1144,1935,2340,1
1145,1935,611,1
1146,2057,2465,1
1147,2057,2695,1
1148,2057,790,1
1149,2057,1510,1
1150,228,2465,1
1151,228,2617,1
1152,228,1692,1
1153,228,259,1
1154,228,900,1
1155,228,119,1
1156,228,323,1
1157,228,52,1
1158,456,1296,1
1159,456,2455,1
1160,456,2653,1
1161,456,2099,1
1162,456,1748,1
1163,1366,2513,1
1164,1366,2413,1
1165,1366,2414,1
1166,1366,2239,1
1167,1366,2562,1
1168,465,118,1
1169,465,2027,1
1170,465,103,1
1171,465,2672,1
1172,465,85,1
1173,465,2368,1
1174,465,466,1
1175,465,565,1
1176,465,566,1
1177,2368,2642,1
1178,466,16,1
1179,1378,1440,1
1180,1378,239,1
1181,1378,21,1
1182,1378,559,1
1183,1378,882,1
1184,1378,82,1
1185,1378,1540,1
1186,1378,970,1
1187,471,2,1
1188,471,1045,1
1189,471,103,1
1190,471,1632,1
1191,471,1859,1
1192,471,295,1
1193,477,1645,1
1194,477,1766,1
1195,477,463,1
1196,477,229,1
1197,477,2409,1
1198,477,2658,1
1199,477,427,1
1200,477,333,1
1201,483,463,1
1202,483,933,1
1203,483,749,1
1204,483,367,1
1205,483,650,1
1206,483,277,1
1207,562,1401,1
1208,562,2014,1
1209,562,2018,1
1210,562,252,1
1211,562,440,1
1212,562,1889,1
1213,562,60,1
1214,562,671,1
1215,562,370,1
1216,562,1117,1
1217,562,1183,1
1218,564,463,1
1219,565,478,1
1220,565,548,1
1221,565,1782,1
1222,565,2,1
1223,565,118,1
1224,565,1440,1
1225,565,2027,1
1226,565,305,1
1227,565,1401,1
1228,565,1585,1
1229,565,239,1
1230,565,425,1
1231,565,2442,1
1232,565,1012,1
1233,565,1376,1
1234,565,1616,1
1235,565,502,1
1236,565,1316,1
1237,565,644,1
1238,565,1438,1
1239,565,773,1
1240,565,385,1
1241,565,842,1
1242,565,1957,1
1243,565,1213,1
1244,565,103,1
1245,565,173,1
1246,565,910,1
1247,565,554,1
1248,565,1741,1
1249,565,882,1
1250,565,2672,1
1251,565,34,1
1252,565,1546,1
1253,565,283,1
1254,565,492,1
1255,565,85,1
1256,565,2118,1
1257,565,1859,1
1258,565,82,1
1259,565,1529,1
1260,565,410,1
1261,565,1727,1
1262,565,1540,1
1263,565,621,1
1264,565,633,1
1265,565,738,1
1266,565,57,1
1267,565,60,1
1268,565,2472,1
1269,565,2642,1
1270,565,1676,1
1271,565,244,1
1272,565,1975,1
1273,565,671,1
1274,565,333,1
1275,565,92,1
1276,565,691,1
1277,565,367,1
1278,565,1790,1
1279,565,465,1
1280,565,466,1
1281,565,1378,1
1282,565,477,1
1283,565,564,1
1284,565,566,1
1285,565,2480,1
1286,565,575,1
1287,565,2485,1
1288,565,2628,1
1289,565,2629,1
1290,565,128,1
1291,565,1373,1
1292,565,295,1
1293,565,601,1
1294,565,306,1
1295,566,1782,1
1296,566,472,1
1297,566,1544,1
1298,566,733,1
1299,566,16,1
1300,566,186,1
1301,566,1447,1
1302,566,173,1
1303,566,34,1
1304,566,2221,1
1305,566,699,1
1306,566,688,1
1307,566,2658,1
1308,566,633,1
1309,566,858,1
1310,566,1816,1
1311,566,671,1
1312,566,333,1
1313,566,466,1
1314,566,477,1
1315,566,483,1
1316,566,2480,1
1317,566,2485,1
1318,566,588,1
1319,566,1643,1
1320,566,274,1
1321,566,321,1
1322,566,449,1
1323,2480,653,1
1324,2480,2485,1
1325,567,21,1
1326,567,502,1
1327,567,385,1
1328,567,1828,1
1329,567,970,1
1330,567,277,1
1331,575,882,1
1332,575,1378,1
1333,575,2485,1
1334,2485,749,1
1335,2485,1816,1
1336,2485,1378,1
1337,1491,1390,1
1338,1491,851,1
1339,1491,1605,1
1340,1491,903,1
1341,2583,2310,1
1342,2583,1423,1
1343,2583,2333,1
1344,2583,1173,1
1345,2585,1809,1
1346,2585,2441,1
1347,2585,1830,1
1348,2585,1263,1
1349,686,683,1
1350,686,1273,1
1351,686,116,1
1352,686,225,1
1353,686,760,1
1354,686,223,1
1355,686,44,1
1356,686,1698,1
1357,686,381,1
1358,686,430,1
1359,686,2541,1
1360,686,2557,1
1361,686,119,1
1362,1626,1584,1
1363,1626,1407,1
1364,1626,1698,1
1365,1626,1735,1
1366,1626,1164,1
1367,2597,2256,1
1368,2597,1698,1
1369,690,445,1
1370,690,2457,1
1371,1643,773,1
1372,1643,1189,1
1373,1643,868,1
1374,1649,1228,1
1375,1649,1213,1
1376,1649,1687,1
1377,1649,868,1
1378,1649,691,1
1379,1649,1643,1
1380,1649,148,1
1381,1649,1557,1
1382,924,1480,1
1383,1061,1010,1
1384,1061,1578,1
1385,1061,1651,1
1386,1061,1244,1
1387,1174,1033,1
1388,1174,1074,1
1389,1174,1135,1
1390,1174,893,1
1391,1174,303,1
1392,1174,1297,1
1393,1174,1102,1
1394,1174,902,1
1395,1174,414,1
1396,318,445,1
1397,318,2310,1
1398,318,991,1
1399,318,2333,1
1400,318,686,1
1401,318,2427,1
1402,318,1173,1
1403,322,1027,1
1404,1195,1323,1
1405,1195,1630,1
1406,2180,2577,1
1407,2180,1500,1
1408,1203,1119,1
1409,1203,816,1
1410,1203,1630,1
1411,1203,881,1
1412,1203,779,1
1413,1203,542,1
1414,1203,1411,1
1415,1203,1195,1
1416,325,1201,1
1417,325,211,1
1418,1287,810,1
1419,1287,945,1
1420,1287,976,1
1421,1287,1414,1
1422,1287,1437,1
1423,1287,1397,1
1424,1287,787,1
1425,1287,499,1
1426,1287,905,1
1427,1288,1502,1
1428,1288,1128,1
1429,1288,1091,1
1430,1288,1414,1
1431,1288,787,1
1432,1288,499,1
1433,1288,107,1
1434,1288,108,1
1435,420,10,1
1436,420,2214,1
1437,420,192,1
1438,420,2590,1
1439,420,519,1
1440,420,439,1
1441,519,2608,1
1442,519,10,1
1443,519,190,1
1444,519,705,1
1445,519,510,1
1446,519,2223,1
1447,519,2549,1
1448,519,2590,1
1449,519,280,1
1450,2421,1829,1
1451,2421,2389,1
1452,2421,1856,1
1453,2421,2266,1
1454,2421,2654,1
1455,2421,345,1
1456,2421,263,1
1457,2421,2590,1
1458,2421,74,1
1459,2421,1868,1
1460,521,156,1
1461,521,2312,1
1462,2426,1686,1
1463,2426,2126,1
1464,2426,2282,1
1465,2426,2493,1
1466,2426,2431,1
1467,2426,1919,1
1468,2427,1888,1
1469,2427,2548,1
1470,2427,2591,1
1471,2427,2391,1
1472,2427,507,1
1473,1428,1622,1
1474,1428,2079,1
1475,1428,2617,1
1476,1428,2424,1
1477,1428,2229,1
1478,1428,1312,1
1479,1428,2539,1
1480,1428,2493,1
1481,1429,1208,1
1482,2431,2591,1
1483,1608,949,1
1484,1608,1220,1
1485,1608,987,1
1486,1608,2225,1
1487,1608,431,1
1488,1612,1517,1
1489,2586,2162,1
1490,2586,1647,1
1491,2586,1889,1
1492,2586,2486,1
1493,2586,2113,1
1494,122,1093,1
1495,122,124,1
1496,122,127,1
1497,122,2400,1
1498,124,2400,1
1499,1916,2400,1
1500,127,124,1
1501,127,2228,1
1502,127,2400,1
1503,295,1782,1
1504,295,197,1
1505,295,2078,1
1506,295,1012,1
1507,295,1316,1
1508,295,220,1
1509,295,210,1
1510,2150,2183,1
1511,2150,1192,1
1512,1281,1604,1
1513,1281,948,1
1514,1281,1471,1
1515,1281,1272,1
1516,1281,1282,1
1517,1281,1451,1
1518,1282,1494,1
1519,1282,1022,1
1520,1282,948,1
1521,1282,1471,1
1522,1282,1272,1
1523,1282,1446,1
1524,1282,1281,1
1525,2652,2308,1
1526,2652,240,1
1527,1053,853,1
1528,1053,1024,1
1529,1053,931,1
1530,1053,1463,1
1531,1053,1607,1
1532,1053,1197,1
1533,1053,1568,1
1534,378,960,1
1535,378,335,1
1536,378,2012,1
1537,378,2195,1
1538,378,2042,1
1539,378,1238,1
1540,378,218,1
1541,378,178,1
1542,378,286,1
1543,378,585,1
1544,378,1644,1
1545,378,1290,1
1546,378,1207,1
1547,378,227,1
1548,378,692,1
1549,378,1275,1
1550,378,2290,1
1551,378,2291,1
1552,378,1963,1
1553,378,396,1
1554,378,2447,1
1555,378,2583,1
1556,378,1027,1
1557,378,1061,1
1558,378,1678,1
1559,731,1450,1
1560,731,330,1
1561,731,576,1
1562,731,1778,1
1563,731,808,1
1564,2649,1956,1
1565,2649,249,1
1566,2649,2436,1
1567,2649,2106,1
1568,735,216,1
1569,735,1956,1
1570,735,2527,1
1571,735,307,1
1572,735,195,1
1573,735,86,1
1574,735,2106,1
1575,735,2649,1
1576,826,1273,1
1577,826,1606,1
1578,826,1457,1
1579,826,1422,1
1580,826,1237,1
1581,828,1457,1
1582,828,1422,1
1583,1819,2580,1
1584,1819,224,1
1585,1823,2487,1
1586,1823,2580,1
1587,52,2487,1
1588,52,2580,1
1589,136,2399,1
1590,136,2487,1
1591,136,2580,1
1592,136,1370,1
1593,136,2172,1
1594,136,1479,1
1595,136,2543,1
1596,136,1776,1
1597,136,244,1
1598,136,92,1
1599,136,1413,1
1600,136,159,1
1601,136,1102,1
1602,136,2231,1
1603,136,2635,1
1604,1961,2100,1
1605,236,1617,1
1606,236,156,1
1607,1107,1617,1
1608,1114,1696,1
1609,1114,1588,1
1610,1114,1261,1
1611,1114,1603,1
1612,1114,602,1
1613,1114,1371,1
1614,1114,1117,1
1615,247,2257,1
1616,247,500,1
1617,247,2446,1
1618,247,1973,1
1619,247,563,1
1620,247,982,1
1621,247,1261,1
1622,247,1117,1
1623,2089,357,1
1624,2089,1965,1
1625,2089,1261,1
1626,2089,1603,1
1627,2089,714,1
1628,2089,1530,1
1629,2089,1117,1
1630,1117,1588,1
1631,1117,2332,1
1632,1117,1225,1
1633,1117,1261,1
1634,1117,1603,1
1635,2207,79,1
1636,2207,1786,1
1637,2053,2685,1
1638,2054,2685,1
1639,2054,591,1
1640,2054,2053,1
1641,2070,2602,1
1642,2070,2640,1
1643,2081,2159,1
1644,2081,2366,1
1645,2082,2545,1
1646,2082,2178,1
1647,414,1877,1
1648,414,908,1
1649,414,1442,1
1650,414,1445,1
1651,414,440,1
1652,1309,1186,1
1653,1309,1132,1
1654,1309,924,1
1655,635,683,1
1656,635,722,1
1657,635,442,1
1658,635,660,1
1659,635,256,1
1660,635,381,1
1661,635,474,1
1662,635,651,1
1663,635,430,1
1664,635,632,1
1665,635,634,1
1666,635,208,1
1667,635,264,1
1668,635,686,1
1669,635,172,1
1670,635,177,1
1671,635,89,1
1672,635,436,1
1673,635,375,1
1674,2555,2560,1
1675,640,635,1
1676,640,287,1
1677,640,459,1
1678,640,1363,1
1679,640,549,1
1680,640,1897,1
1681,640,109,1
1682,640,2475,1
1683,640,20,1
1684,640,732,1
1685,640,591,1
1686,640,574,1
1687,640,130,1
1688,640,199,1
1689,640,2054,1
1690,649,2560,1
1691,649,166,1
1692,649,2294,1
1693,649,96,1
1694,649,2581,1
1695,649,457,1
1696,649,2403,1
1697,649,2123,1
1698,649,752,1
1699,649,1643,1
1700,2560,323,1
1701,166,457,1
1702,166,1125,1
1703,986,2484,1
1704,986,862,1
1705,986,1642,1
1706,986,2616,1
1707,986,2605,1
1708,986,136,1
1709,258,7,1
1710,258,400,1
1711,258,544,1
1712,258,1031,1
1713,258,268,1
1714,258,0,1
1715,258,8,1
1716,258,14,1
1717,258,1111,1
1718,258,751,1
1719,258,435,1
1720,478,96,1
1721,478,215,1
1722,478,618,1
1723,478,218,1
1724,478,520,1
1725,478,497,1
1726,478,227,1
1727,478,470,1
1728,478,303,1
1729,478,754,1
1730,478,396,1
1731,478,568,1
1732,478,52,1
1733,478,274,1
1734,479,649,1
1735,479,478,1
1736,479,147,1
1737,479,418,1
1738,479,1354,1
1739,479,1627,1
1740,479,2636,1
1741,479,92,1
1742,479,2300,1
1743,479,136,1
1744,479,449,1
1745,1645,797,1
1746,1645,204,1
1747,871,1591,1
1748,158,184,1
1749,158,598,1
1750,158,433,1
1751,158,707,1
1752,1227,1236,1
1753,1234,977,1
1754,1234,1226,1
1755,1234,1187,1
1756,1234,1263,1
1757,1234,13,1
1758,1234,937,1
1759,1234,1275,1
1760,1234,790,1
1761,1234,1510,1
1762,2210,1808,1
1763,1236,1227,1
1764,1236,861,1
1765,1236,296,1
1766,1236,382,1
1767,1236,1669,1
1768,1238,1500,1
1769,1238,1025,1
1770,1238,1550,1
1771,2350,2168,1
1772,1343,1364,1
1773,1343,1456,1
1774,2354,400,1
1775,2354,556,1
1776,2356,1705,1
1777,2356,2246,1
1778,2356,1105,1
1779,453,2156,1
1780,453,9,1
1781,453,706,1
1782,453,1712,1
1783,453,2059,1
1784,453,2354,1
1785,453,2455,1
1786,453,1566,1
1787,453,1358,1
1788,453,1661,1
1789,453,2092,1
1790,453,2098,1
1791,453,2099,1
1792,453,1449,1
1793,453,514,1
1794,453,2618,1
1795,453,1269,1
1796,453,876,1
1797,453,1025,1
1798,453,2034,1
1799,1360,1095,1
1800,2360,2004,1
1801,2360,400,1
1802,2360,556,1
1803,2360,1386,1
1804,2360,2273,1
1805,2360,2354,1
1806,2360,1006,1
1807,2360,2040,1
1808,459,267,1
1809,459,1705,1
1810,459,130,1
1811,1363,2168,1
1812,1363,1343,1
1813,1363,1364,1
1814,1363,2475,1
1815,1363,2653,1
1816,1363,786,1
1817,1364,1705,1
1818,1364,1469,1
1819,549,287,1
1820,549,453,1
1821,549,591,1
1822,549,507,1
1823,549,456,1
1824,549,574,1
1825,549,488,1
1826,2455,2354,1
1827,555,615,1
1828,555,400,1
1829,555,556,1
1830,555,2354,1
1831,1469,1705,1
1832,1469,1456,1
1833,667,2270,1
1834,667,480,1
1835,667,2072,1
1836,667,1974,1
1837,667,2227,1
1838,667,1356,1
1839,667,1928,1
1840,667,257,1
1841,667,867,1
1842,1592,1734,1
1843,1592,1293,1
1844,1592,405,1
1845,1592,1298,1
1846,1592,1176,1
1847,1592,1161,1
1848,1600,1293,1
1849,1600,946,1
1850,672,2329,1
1851,672,535,1
1852,672,2004,1
1853,672,1386,1
1854,672,1343,1
1855,672,2360,1
1856,672,1363,1
1857,672,549,1
1858,672,2696,1
1859,672,1460,1
1860,672,1293,1
1861,672,1003,1
1862,672,1004,1
1863,672,2653,1
1864,672,591,1
1865,672,456,1
1866,672,924,1
1867,672,574,1
1868,672,130,1
1869,1606,2381,1
1870,1606,1293,1
1871,1606,28,1
1872,1732,853,1
1873,1732,2225,1
1874,1732,1493,1
1875,910,1589,1
1876,910,1673,1
1877,910,1131,1
1878,910,1432,1
1879,910,1590,1
1880,910,1140,1
1881,910,1253,1
1882,910,982,1
1883,910,1573,1
1884,910,1311,1
1885,910,964,1
1886,910,966,1
1887,910,764,1
1888,910,811,1
1889,910,1221,1
1890,910,981,1
1891,910,1481,1
1892,910,902,1
1893,910,1117,1
1894,192,10,1
1895,192,705,1
1896,192,510,1
1897,192,193,1
1898,192,280,1
1899,192,420,1
1900,192,519,1
1901,192,439,1
1902,193,10,1
1903,193,238,1
1904,193,2549,1
1905,193,74,1
1906,193,280,1
1907,193,420,1
1908,193,519,1
1909,652,373,1
1910,2676,1787,1
1911,2676,2385,1
1912,1741,492,1
1913,1741,601,1
1914,3,197,1
1915,3,463,1
1916,3,601,1
1917,1844,1979,1
1918,1844,1845,1
1919,1845,1979,1
1920,1845,979,1
1921,68,1979,1
1922,68,979,1
1923,68,1845,1
1924,68,1632,1
1925,68,2007,1
1926,68,522,1
1927,68,1825,1
1928,879,700,1
1929,879,979,1
1930,898,1687,1
1931,496,2393,1
1932,496,501,1
1933,496,1896,1
1934,2393,1813,1
1935,2393,1952,1
1936,2393,1896,1
1937,2393,2029,1
1938,501,174,1
1939,503,1813,1
1940,503,174,1
1941,503,1952,1
1942,503,501,1
1943,503,2396,1
1944,503,1851,1
1945,503,2029,1
1946,2409,2027,1
1947,2409,174,1
1948,2409,638,1
1949,2409,2672,1
1950,597,434,1
1951,597,106,1
1952,597,224,1
1953,1672,899,1
1954,1672,807,1
1955,1672,1352,1
1956,1672,1564,1
1957,1672,903,1
1958,807,1438,1
1959,35,34,1
1960,39,24,1
1961,39,82,1
1962,40,761,1
1963,1016,1110,1
1964,1016,943,1
1965,1016,1070,1
1966,1016,1205,1
1967,1016,856,1
1968,1016,1729,1
1969,1016,1305,1
1970,1016,727,1
1971,1016,1670,1
1972,1016,728,1
1973,1016,1466,1
1974,1023,1090,1
1975,1029,1090,1
1976,1029,2456,1
1977,1503,1108,1
1978,1503,1276,1
1979,1503,1504,1
1980,1503,1507,1
1981,1503,1525,1
1982,1503,1308,1
1983,1504,1108,1
1984,1504,1276,1
1985,1504,1415,1
1986,1504,1507,1
1987,1504,1525,1
1988,1504,1308,1
1989,1506,1108,1
1990,1506,1276,1
1991,1506,1415,1
1992,1506,1504,1
1993,1506,1507,1
1994,1506,1525,1
1995,1506,1308,1
1996,1507,1108,1
1997,2607,2074,1
1998,2607,2310,1
1999,2607,2369,1
2000,2607,1987,1
2001,1636,2074,1
2002,1636,1073,1
2003,1636,928,1
2004,1636,983,1
2005,1636,1684,1
2006,1636,245,1
2007,2615,2074,1
2008,2615,1647,1
2009,1647,2074,1
2010,1647,1684,1
2011,1062,1323,1
2012,1062,2651,1
2013,1389,1079,1
2014,1389,821,1
2015,109,635,1
2016,109,640,1
2017,109,535,1
2018,109,1296,1
2019,109,1888,1
2020,109,1074,1
2021,109,459,1
2022,109,672,1
2023,109,884,1
2024,109,2315,1
2025,109,778,1
2026,109,1661,1
2027,109,171,1
2028,109,955,1
2029,109,507,1
2030,109,488,1
2031,109,967,1
2032,109,2053,1
2033,109,2054,1
2034,114,171,1
2035,2177,1883,1
2036,539,1665,1
2037,539,1210,1
2038,539,1209,1
2039,539,183,1
2040,539,1453,1
2041,539,454,1
2042,539,541,1
2043,1453,1152,1
2044,1453,1210,1
2045,645,51,1
2046,645,312,1
2047,645,742,1
2048,645,211,1
2049,2559,841,1
2050,2559,51,1
2051,2559,1241,1
2052,2559,2076,1
2053,2559,1747,1
2054,2559,260,1
2055,772,1502,1
2056,772,768,1
2057,772,51,1
2058,772,2166,1
2059,772,2167,1
2060,772,312,1
2061,772,742,1
2062,772,1240,1
2063,772,1241,1
2064,772,2076,1
2065,772,1147,1
2066,1285,770,1
2067,1285,405,1
2068,1285,1298,1
2069,1285,1176,1
2070,1285,1382,1
2071,1285,968,1
2072,1293,2284,1
2073,2306,2594,1
2074,405,753,1
2075,407,512,1
2076,407,2439,1
2077,407,1763,1
2078,407,1298,1
2079,407,1875,1
2080,1298,407,1
2081,409,2582,1
2082,409,753,1
2083,409,1606,1
2084,409,1298,1
2085,411,1891,1
2086,411,512,1
2087,411,2594,1
2088,411,1470,1
2089,411,536,1
2090,411,2582,1
2091,411,1600,1
2092,411,2232,1
2093,41,1733,1
2094,41,889,1
2095,41,94,1
2096,41,1982,1
2097,41,725,1
2098,41,533,1
2099,41,2456,1
2100,41,1713,1
2101,41,892,1
2102,41,352,1
2103,41,23,1
2104,41,115,1
2105,48,1783,1
2106,48,2682,1
2107,48,2456,1
2108,490,6,1
2109,490,220,1
2110,490,5,1
2111,490,492,1
2112,490,734,1
2113,490,45,1
2114,490,213,1
2115,492,2323,1
2116,492,1186,1
2117,492,734,1
2118,492,45,1
2119,492,213,1
2120,513,117,1
2121,513,452,1
2122,2526,2448,1
2123,1687,1228,1
2124,1687,870,1
2125,1687,773,1
2126,1687,1189,1
2127,1687,1632,1
2128,1687,54,1
2129,1687,1137,1
2130,1687,148,1
2131,1687,1557,1
2132,1688,1228,1
2133,1693,1228,1
2134,256,2369,1
2135,256,928,1
2136,256,430,1
2137,256,2225,1
2138,256,634,1
2139,256,983,1
2140,2192,1743,1
2141,2192,177,1
2142,1217,1349,1
2143,835,1248,1
2144,132,346,1
2145,2186,2321,1
2146,2187,2314,1
2147,2187,531,1
2148,2187,2321,1
2149,1312,1622,1
2150,1312,1269,1
2151,1312,1260,1
2152,418,135,1
2153,418,1312,1
2154,418,1269,1
2155,2461,2492,1
2156,2461,1076,1
2157,2461,1078,1
2158,2462,1986,1
2159,2462,401,1
2160,557,423,1
2161,558,2660,1
2162,558,376,1
2163,558,1934,1
2164,558,2463,1
2165,558,557,1
2166,558,1137,1
2167,558,1816,1
2168,558,905,1
2169,558,1641,1
2170,558,1532,1
2171,558,423,1
2172,558,1555,1
2173,558,2034,1
2174,2467,2155,1
2175,2467,2468,1
2176,2467,323,1
2177,641,1739,1
2178,641,376,1
2179,641,484,1
2180,642,484,1
2181,642,697,1
2182,1574,1017,1
2183,1574,484,1
2184,656,773,1
2185,656,657,1
2186,656,148,1
2187,656,650,1
2188,1581,1447,1
2189,1581,1711,1
2190,1581,657,1
2191,1931,2277,1
2192,1931,2402,1
2193,1931,1408,1
2194,1931,1921,1
2195,1198,1296,1
2196,1198,859,1
2197,1198,517,1
2198,1198,418,1
2199,1198,1170,1
2200,1198,1683,1
2201,745,600,1
2202,745,458,1
2203,745,1756,1
2204,745,1763,1
2205,745,666,1
2206,745,1157,1
2207,745,2162,1
2208,745,386,1
2209,745,687,1
2210,745,771,1
2211,745,110,1
2212,745,2165,1
2213,745,72,1
2214,745,1564,1
2215,745,18,1
2216,745,477,1
2217,745,2437,1
2218,745,962,1
2219,745,1932,1
2220,745,1700,1
2221,745,1704,1
2222,745,36,1
2223,745,2325,1
2224,745,124,1
2225,745,127,1
2226,745,355,1
2227,745,205,1
2228,745,1886,1
2229,745,2336,1
2230,745,561,1
2231,745,91,1
2232,766,979,1
2233,766,181,1
2234,766,2532,1
2235,766,78,1
2236,766,518,1
2237,1344,1138,1
2238,1344,1121,1
2239,1344,1047,1
2240,1345,1344,1
2241,1345,1046,1
2242,1345,1047,1
2243,1345,1640,1
2244,1348,1047,1
2245,1348,612,1
2246,1354,1695,1
2247,1354,313,1
2248,1354,1420,1
2249,1354,1089,1
2250,1354,1304,1
2251,1354,1465,1
2252,1354,1039,1
2253,1354,1040,1
2254,1354,1317,1
2255,1354,806,1
2256,1354,992,1
2257,1354,994,1
2258,1354,1001,1
2259,1354,911,1
2260,1354,1123,1
2261,1354,1188,1
2262,1354,1176,1
2263,1354,75,1
2264,1354,1426,1
2265,1354,1674,1
2266,1354,1680,1
2267,1354,1047,1
2268,1859,548,1
2269,1859,1791,1
2270,1860,548,1
2271,1860,906,1
2272,1860,683,1
2273,82,548,1
2274,82,1440,1
2275,82,305,1
2276,82,239,1
2277,82,410,1
2278,82,1553,1
2279,82,295,1
2280,102,404,1
2281,102,2012,1
2282,102,1824,1
2283,102,1893,1
2284,102,1895,1
2285,102,2333,1
2286,102,1964,1
2287,102,2583,1
2288,1893,1895,1
2289,1003,2146,1
2290,1003,2028,1
2291,1003,2483,1
2292,1003,1343,1
2293,1003,1364,1
2294,1003,1469,1
2295,1003,1897,1
2296,1003,1004,1
2297,1003,2182,1
2298,1003,791,1
2299,1003,786,1
2300,1004,2146,1
2301,1004,2483,1
2302,1004,2350,1
2303,1004,1343,1
2304,1004,1364,1
2305,1004,1469,1
2306,1004,1003,1
2307,1004,791,1
2308,1004,786,1
2309,2253,2213,1
2310,2253,2591,1
2311,2282,2217,1
2312,2282,1686,1
2313,485,2514,1
2314,485,711,1
2315,485,2380,1
2316,485,1838,1
2317,485,2561,1
2318,2380,2294,1
2319,2380,215,1
2320,2380,2514,1
2321,2380,1838,1
2322,2380,2561,1
2323,2380,288,1
2324,2408,2145,1
2325,2220,2478,1
2326,2220,2139,1
2327,2220,2600,1
2328,2220,1958,1
2329,2220,1409,1
2330,2220,2563,1
2331,2220,2226,1
2332,2220,1940,1
2333,2220,2252,1
2334,2220,290,1
2335,2220,1950,1
2336,2226,2478,1
2337,2226,2139,1
2338,2226,1958,1
2339,2226,1950,1
2340,486,1597,1
2341,486,231,1
2342,486,1278,1
2343,486,64,1
2344,486,284,1
2345,486,1148,1
2346,486,285,1
2347,486,2276,1
2348,585,335,1
2349,585,911,1
2350,585,1275,1
2351,585,2290,1
2352,585,2291,1
2353,585,1061,1
2354,1644,986,1
2355,1644,1862,1
2356,1644,1863,1
2357,1644,2484,1
2358,1644,701,1
2359,1644,2364,1
2360,1644,822,1
2361,1644,1732,1
2362,1644,2409,1
2363,1644,1256,1
2364,1644,2614,1
2365,1644,2616,1
2366,1644,1328,1
2367,1644,2423,1
2368,1644,1964,1
2369,1644,1601,1
2370,1644,318,1
2371,1644,322,1
2372,1644,462,1
2373,2614,986,1
2374,2614,2484,1
2375,2614,2616,1
2376,2616,986,1
2377,2616,2484,1
2378,217,2355,1
2379,217,685,1
2380,2052,2062,1
2381,2060,2062,1
2382,2061,96,1
2383,2061,215,1
2384,2061,2062,1
2385,2066,2062,1
2386,1084,2035,1
2387,1084,991,1
2388,1084,858,1
2389,464,467,1
2390,464,573,1
2391,467,2000,1
2392,467,270,1
2393,467,276,1
2394,467,495,1
2395,467,729,1
2396,560,1375,1
2397,560,2287,1
2398,560,78,1
2399,560,955,1
2400,560,938,1
2401,688,1248,1
2402,688,252,1
2403,688,835,1
2404,202,771,1
2405,202,204,1
2406,204,1811,1
2407,204,597,1
2408,204,2410,1
2409,204,2650,1
2410,204,202,1
2411,204,741,1
2412,204,274,1
2413,2032,2171,1
2414,1290,2080,1
2415,1290,2329,1
2416,1290,1712,1
2417,1290,1226,1
2418,1290,1238,1
2419,1290,1918,1
2420,1290,218,1
2421,1290,2169,1
2422,1290,1644,1
2423,1290,1191,1
2424,1290,1197,1
2425,1290,893,1
2426,1290,1025,1
2427,1290,423,1
2428,1290,429,1
2429,410,2,1
2430,410,305,1
2431,410,298,1
2432,2707,2344,1
2433,2707,1389,1
2434,2707,774,1
2435,2301,2588,1
2436,2301,1907,1
2437,2301,1901,1
2438,2406,2078,1
2439,157,1017,1
2440,157,2230,1
2441,157,1375,1
2442,157,1637,1
2443,157,1075,1
2444,157,393,1
2445,157,2680,1
2446,157,897,1
2447,157,716,1
2448,157,1289,1
2449,157,2019,1
2450,157,2540,1
2451,157,979,1
2452,157,1038,1
2453,157,214,1
2454,157,766,1
2455,157,2021,1
2456,157,1718,1
2457,157,560,1
2458,157,181,1
2459,157,740,1
2460,157,78,1
2461,157,2095,1
2462,157,916,1
2463,157,1452,1
2464,157,371,1
2465,157,1550,1
2466,157,1340,1
2467,157,2417,1
2468,160,2681,1
2469,160,469,1
2470,160,2540,1
2471,160,125,1
2472,160,1857,1
2473,160,322,1
2474,1283,823,1
2475,1283,1318,1
2476,1283,1547,1
2477,1283,1284,1
2478,1283,230,1
2479,1283,391,1
2480,1284,1055,1
2481,1284,1169,1
2482,1079,1103,1
2483,1079,864,1
2484,1079,975,1
2485,1079,1009,1
2486,1079,1724,1
2487,1079,1718,1
2488,1079,1315,1
2489,1079,611,1
2490,1112,1403,1
2491,1112,1073,1
2492,1112,926,1
2493,1112,2415,1
2494,1112,1512,1
2495,1112,101,1
2496,1118,1540,1
2497,1118,134,1
2498,2090,1260,1
2499,2182,2146,1
2500,2182,2633,1
2501,2182,1835,1
2502,2182,1748,1
2503,655,198,1
2504,230,520,1
2505,230,1284,1
2506,230,406,1
2507,230,391,1
2508,1095,1456,1
2509,1095,1433,1
2510,308,9,1
2511,308,2028,1
2512,308,1456,1
2513,2171,2031,1
2514,319,29,1
2515,319,1273,1
2516,1185,1521,1
2517,1185,1000,1
2518,320,259,1
2519,1191,692,1
2520,1191,1053,1
2521,624,112,1
2522,624,11,1
2523,624,700,1
2524,624,572,1
2525,625,700,1
2526,627,1057,1
2527,627,338,1
2528,627,1562,1
2529,627,1679,1
2530,627,1270,1
2531,1562,1637,1
2532,1562,355,1
2533,2543,2440,1
2534,2543,2409,1
2535,2543,1479,1
2536,2543,1776,1
2537,2543,2674,1
2538,631,1057,1
2539,631,383,1
2540,631,1562,1
2541,732,267,1
2542,732,1897,1
2543,732,20,1
2544,2653,2028,1
2545,2653,1363,1
2546,1697,929,1
2547,1697,1599,1
2548,1697,16,1
2549,1697,1703,1
2550,1697,1559,1
2551,1697,1664,1
2552,1697,1667,1
2553,1697,1683,1
2554,1697,804,1
2555,740,929,1
2556,740,164,1
2557,740,418,1
2558,740,560,1
2559,740,1703,1
2560,740,1559,1
2561,740,1664,1
2562,740,1667,1
2563,740,1683,1
2564,2658,1860,1
2565,2658,1559,1
2566,2658,691,1
2567,1703,1559,1
2568,1019,853,1
2569,1019,906,1
2570,1019,926,1
2571,1019,862,1
2572,1019,927,1
2573,1019,1256,1
2574,1019,1290,1
2575,2299,1854,1
2576,2299,1855,1
2577,1540,1045,1
2578,1540,842,1
2579,1540,1443,1
2580,621,1859,1
2581,621,471,1
2582,2529,2294,1
2583,2529,2521,1
2584,2536,502,1
2585,2536,1957,1
2586,2536,2629,1
2587,1559,929,1
2588,1559,1791,1
2589,1559,1664,1
2590,1559,1683,1
2591,629,221,1
2592,629,612,1
2593,2544,2568,1
2594,633,197,1
2595,636,118,1
2596,636,2027,1
2597,636,2173,1
2598,636,2672,1
2599,636,2174,1
2600,636,2204,1
2601,636,2233,1
2602,636,764,1
2603,1573,1673,1
2604,1573,1432,1
2605,1573,636,1
2606,1573,2174,1
2607,1573,764,1
2608,1573,1481,1
2609,1690,995,1
2610,738,1585,1
2611,738,1376,1
2612,738,1213,1
2613,738,1741,1
2614,738,1727,1
2615,738,621,1
2616,738,210,1
2617,738,564,1
2618,738,575,1
2619,738,2628,1
2620,738,2629,1
2621,738,1183,1
2622,2655,1975,1
2623,2666,451,1
2624,2666,2453,1
2625,2666,2411,1
2626,749,197,1
2627,750,244,1
2628,843,1101,1
2629,843,2658,1
2630,843,568,1
2631,843,575,1
2632,858,2035,1
2633,858,991,1
2634,858,281,1
2635,57,306,1
2636,60,252,1
2637,60,688,1
2638,875,933,1
2639,875,554,1
2640,875,775,1
2641,875,370,1
2642,875,1192,1
2643,1841,1741,1
2644,1841,564,1
2645,63,739,1
2646,63,1546,1
2647,63,210,1
2648,63,153,1
2649,1954,98,1
2650,1954,2183,1
2651,1954,978,1
2652,1954,2222,1
2653,1954,2150,1
2654,1954,321,1
2655,162,173,1
2656,162,775,1
2657,2092,2015,1
2658,2098,2156,1
2659,2098,2099,1
2660,1124,453,1
2661,1124,1566,1
2662,1124,1567,1
2663,2361,2175,1
2664,2361,2216,1
2665,2361,139,1
2666,577,2660,1
2667,577,1502,1
2668,577,389,1
2669,577,312,1
2670,577,2492,1
2671,577,250,1
2672,577,1532,1
2673,577,401,1
2674,577,2034,1
2675,2492,1900,1
2676,2492,2547,1
2677,350,180,1
2678,350,111,1
2679,350,730,1
2680,350,201,1
2681,350,770,1
2682,350,664,1
2683,350,427,1
2684,350,351,1
2685,664,978,1
2686,1593,978,1
2687,1593,1437,1
2688,1593,1116,1
2689,1593,1288,1
2690,2573,1942,1
2691,2024,737,1
2692,2024,427,1
2693,2024,1932,1
2694,2024,1778,1
2695,227,823,1
2696,227,1318,1
2697,227,1547,1
2698,227,2319,1
2699,227,296,1
2700,1170,517,1
2701,1359,1057,1
2702,2367,2577,1
2703,2367,1833,1
2704,1462,1657,1
2705,1462,1457,1
2706,0,544,1
2707,0,8,1
2708,0,435,1
2709,8,435,1
2710,14,258,1
2711,14,437,1
2712,14,400,1
2713,14,393,1
2714,14,232,1
2715,14,544,1
2716,14,746,1
2717,14,242,1
2718,14,708,1
2719,14,31,1
2720,14,736,1
2721,14,268,1
2722,14,384,1
2723,14,0,1
2724,14,8,1
2725,14,613,1
2726,14,751,1
2727,14,435,1
2728,14,443,1
2729,1908,2514,1
2730,1908,442,1
2731,1908,1647,1
2732,1908,1893,1
2733,1908,1838,1
2734,1908,2561,1
2735,1908,1582,1
2736,1909,2677,1
2737,1909,1545,1
2738,1909,632,1
2739,1909,1582,1
2740,1910,2159,1
2741,1910,705,1
2742,1910,1668,1
2743,1910,2416,1
2744,1910,2506,1
2745,1910,2242,1
2746,1910,2375,1
2747,1910,2488,1
2748,1910,2366,1
2749,1910,2575,1
2750,1910,2081,1
2751,399,1250,1
2752,399,1251,1
2753,1425,525,1
2754,1425,684,1
2755,613,232,1
2756,613,2571,1
2757,613,268,1
2758,613,616,1
2759,616,268,1
2760,15,234,1
2761,15,701,1
2762,15,254,1
2763,15,152,1
2764,15,399,1
2765,15,253,1
2766,15,129,1
2767,15,538,1
2768,15,322,1
2769,15,80,1
2770,2015,2327,1
2771,2015,2034,1
2772,1050,1389,1
2773,1050,1306,1
2774,1050,1591,1
2775,1050,1492,1
2776,1050,1499,1
2777,1050,1171,1
2778,622,345,1
2779,622,377,1
2780,2532,2417,1
2781,45,220,1
2782,1393,1502,1
2783,1393,1128,1
2784,1393,1097,1
2785,1393,976,1
2786,1393,1414,1
2787,1393,1437,1
2788,1393,1397,1
2789,1393,905,1
2790,593,300,1
2791,593,594,1
2792,2509,1962,1
2793,2509,517,1
2794,2509,2618,1
2795,698,360,1
2796,698,474,1
2797,698,1431,1
2798,2178,2545,1
2799,2178,2582,1
2800,2178,1788,1
2801,2178,1793,1
2802,2178,1795,1
2803,2181,2143,1
2804,2181,2178,1
2805,2181,1788,1
2806,2181,1793,1
2807,2181,1795,1
2808,343,1274,1
2809,343,1571,1
2810,343,530,1
2811,343,1303,1
2812,343,1098,1
2813,343,1577,1
2814,1303,1274,1
2815,1303,2347,1
2816,1305,1274,1
2817,1305,1740,1
2818,1305,1575,1
2819,1305,1065,1
2820,1305,1098,1
2821,1525,1276,1
2822,1525,1415,1
2823,809,1190,1
2824,809,1229,1
2825,809,1639,1
2826,809,297,1
2827,809,1222,1
2828,809,1044,1
2829,809,908,1
2830,809,1615,1
2831,809,812,1
2832,809,814,1
2833,809,919,1
2834,809,1080,1
2835,809,1365,1
2836,812,1044,1
2837,812,1080,1
2838,812,1365,1
2839,814,1044,1
2840,814,812,1
2841,814,1365,1
2842,125,394,1
2843,125,1857,1
2844,133,394,1
2845,1431,1181,1
2846,1431,1412,1
2847,1431,861,1
2848,2674,2066,1
2849,2674,1352,1
2850,761,535,1
2851,761,9,1
2852,761,40,1
2853,129,2363,1
2854,129,2446,1
2855,129,1973,1
2856,129,1409,1
2857,129,188,1
2858,129,2220,1
2859,129,2165,1
2860,129,2451,1
2861,129,538,1
2862,129,22,1
2863,129,2193,1
2864,129,1204,1
2865,2307,1772,1
2866,2307,406,1
2867,2307,1939,1
2868,406,311,1
2869,540,543,1
2870,540,603,1
2871,540,1121,1
2872,540,1640,1
2873,62,324,1
2874,62,332,1
2875,62,2425,1
2876,62,945,1
2877,62,2474,1
2878,62,2566,1
2879,62,423,1
2880,881,1119,1
2881,881,2295,1
2882,881,112,1
2883,881,816,1
2884,881,2702,1
2885,881,572,1
2886,881,2203,1
2887,881,2405,1
2888,881,1411,1
2889,881,2454,1
2890,1969,2309,1
2891,1969,2363,1
2892,1969,2051,1
2893,1969,2200,1
2894,1975,2689,1
2895,1975,2408,1
2896,1975,2655,1
2897,1116,708,1
2898,1116,31,1
2899,1116,736,1
2900,1116,1593,1
2901,250,170,1
2902,250,694,1
2903,250,708,1
2904,250,31,1
2905,250,736,1
2906,250,639,1
2907,250,498,1
2908,250,499,1
2909,250,584,1
2910,250,304,1
2911,250,107,1
2912,250,108,1
2913,250,33,1
2914,2419,2323,1
2915,2419,492,1
2916,2419,1268,1
2917,2423,853,1
2918,2423,550,1
2919,2423,862,1
2920,2423,1732,1
2921,2423,1644,1
2922,2423,1191,1
2923,2423,2225,1
2924,2423,2627,1
2925,2423,881,1
2926,2423,2657,1
2927,2423,1161,1
2928,2423,1601,1
2929,1422,550,1
2930,1422,1657,1
2931,1422,1273,1
2932,1422,1223,1
2933,1422,1237,1
2934,2428,2042,1
2935,2428,116,1
2936,2428,225,1
2937,2428,760,1
2938,2428,44,1
2939,2428,2021,1
2940,2428,1860,1
2941,2430,1860,1
2942,1111,1101,1
2943,1111,1412,1
2944,1111,2292,1
2945,2341,2425,1
2946,2341,559,1
2947,2341,623,1
2948,2341,788,1
2949,2341,1757,1
2950,2341,1842,1
2951,2215,1877,1
2952,2215,2650,1
2953,2215,344,1
2954,2215,2057,1
2955,2215,675,1
2956,2346,397,1
2957,2346,1967,1
2958,4,170,1
2959,787,1437,1
2960,788,2425,1
2961,788,945,1
2962,788,2323,1
2963,788,1414,1
2964,788,1268,1
2965,415,995,1
2966,415,789,1
2967,415,2664,1
2968,415,2103,1
2969,415,1737,1
2970,415,1832,1
2971,415,1836,1
2972,415,209,1
2973,415,1790,1
2974,415,2353,1
2975,415,712,1
2976,671,1599,1
2977,759,93,1
2978,759,95,1
2979,759,161,1
2980,759,99,1
2981,759,292,1
2982,759,23,1
2983,1006,472,1
2984,1006,242,1
2985,1006,876,1
2986,1006,2040,1
2987,1006,1025,1
2988,1006,650,1
2989,194,673,1
2990,1138,1597,1
2991,1138,1420,1
2992,1138,806,1
2993,284,64,1
2994,1148,1597,1
2995,1148,1355,1
2996,285,231,1
2997,285,1148,1
2998,632,683,1
2999,632,401,1
3000,1569,1073,1
3001,1569,1609,1
3002,1569,1721,1
3003,1569,1726,1
3004,1569,1008,1
3005,1569,1010,1
3006,1569,1011,1
3007,1569,877,1
3008,1569,1486,1
3009,1569,430,1
3010,1569,1587,1
3011,1569,208,1
3012,1569,1327,1
3013,1569,1679,1
3014,1569,1684,1
3015,1569,1182,1
3016,1570,1109,1
3017,1570,1111,1
3018,1570,634,1
3019,1570,1164,1
3020,634,2593,1
3021,634,1513,1
3022,634,430,1
3023,634,686,1
3024,1582,2677,1
3025,1582,1545,1
3026,1582,632,1
3027,1591,1701,1
3028,1591,33,1
3029,1591,36,1
3030,1701,33,1
3031,1701,832,1
3032,167,559,1
3033,1018,1142,1
3034,1527,2420,1
3035,1527,1543,1
3036,1527,2524,1
3037,1527,2525,1
3038,1527,2221,1
3039,1527,1086,1
3040,1527,2166,1
3041,1527,827,1
3042,1527,2561,1
3043,1527,1240,1
3044,1527,909,1
3045,1527,971,1
3046,1527,2076,1
3047,1527,419,1
3048,1527,1747,1
3049,1527,2088,1
3050,1527,260,1
3051,1527,211,1
3052,78,2681,1
3053,78,469,1
3054,1857,2681,1
3055,1867,1754,1
3056,1869,1754,1
3057,1869,2409,1
3058,88,762,1
3059,88,587,1
3060,88,116,1
3061,88,225,1
3062,88,760,1
3063,88,44,1
3064,88,682,1
3065,88,208,1
3066,88,371,1
3067,2506,2416,1
3068,2506,2575,1
3069,2506,2458,1
3070,1812,2364,1
3071,1812,862,1
3072,1812,1513,1
3073,1812,1407,1
3074,1812,1155,1
3075,1812,783,1
3076,1812,785,1
3077,1374,869,1
3078,2605,1401,1
3079,2605,2502,1
3080,2605,951,1
3081,955,1280,1
3082,219,402,1
3083,219,1325,1
3084,219,1738,1
3085,219,38,1
3086,219,2563,1
3087,219,1689,1
3088,219,563,1
3089,219,846,1
3090,219,757,1
3091,219,1404,1
3092,219,712,1
3093,2612,724,1
3094,2612,1903,1
3095,2612,2625,1
3096,2612,26,1
3097,791,1661,1
3098,792,1095,1
3099,798,1433,1
3100,798,1095,1
3101,798,792,1
3102,798,507,1
3103,798,1105,1
3104,1564,899,1
3105,1565,899,1
3106,1565,1088,1
3107,2041,1744,1
3108,2049,2218,1
3109,2049,2410,1
3110,2049,2306,1
3111,726,1418,1
3112,726,1068,1
3113,751,544,1
3114,751,8,1
3115,751,435,1
3116,382,29,1
3117,382,2132,1
3118,382,1837,1
3119,2401,1988,1
3120,727,1799,1
3121,846,781,1
3122,846,2173,1
3123,846,1533,1
3124,846,2204,1
3125,846,219,1
3126,846,757,1
3127,144,188,1
3128,144,444,1
3129,144,2102,1
3130,2634,1876,1
3131,2634,1197,1
3132,847,1402,1
3133,847,1468,1
3134,847,710,1
3135,847,848,1
3136,847,1032,1
3137,848,1388,1
3138,848,1739,1
3139,848,1400,1
3140,848,1468,1
3141,848,1607,1
3142,848,1223,1
3143,848,847,1
3144,848,1032,1
3145,134,1782,1
3146,134,505,1
3147,1321,1041,1
3148,1321,1190,1
3149,1321,297,1
3150,1321,1222,1
3151,1321,814,1
3152,1321,1080,1
3153,2444,2257,1
3154,2444,500,1
3155,538,402,1
3156,538,2309,1
3157,538,487,1
3158,538,1738,1
3159,538,1689,1
3160,538,2165,1
3161,538,2193,1
3162,538,1204,1
3163,538,1036,1
3164,237,329,1
3165,237,1060,1
3166,654,135,1
3167,654,1260,1
3168,661,1191,1
3169,1586,1388,1
3170,1595,1862,1
3171,1595,1863,1
3172,1595,1657,1
3173,1595,1824,1
3174,1595,1576,1
3175,1595,836,1
3176,1595,1301,1
3177,1595,1776,1
3178,1595,2346,1
3179,1595,1964,1
3180,1595,2675,1
3181,1595,151,1
3182,2657,1161,1
3183,1702,1199,1
3184,1702,1161,1
3185,2675,1862,1
3186,2675,1824,1
3187,2675,1256,1
3188,2675,1964,1
3189,2135,2012,1
3190,2135,2023,1
3191,2135,2333,1
3192,2135,134,1
3193,2135,2583,1
3194,2123,2482,1
3195,2243,831,1
3196,2243,2244,1
3197,2243,2245,1
3198,2494,2063,1
3199,1488,206,1
3200,1488,1668,1
3201,1490,206,1
3202,1490,1488,1
3203,1767,2257,1
3204,1767,500,1
3205,22,2257,1
3206,22,1790,1
3207,1768,2257,1
3208,803,357,1
3209,803,53,1
3210,803,1563,1
3211,803,1439,1
3212,18,890,1
3213,18,866,1
3214,18,1932,1
3215,18,127,1
3216,208,2343,1
3217,208,1270,1
3218,2136,2148,1
3219,2148,2136,1
3220,1267,1335,1
3221,1267,1500,1
3222,1275,2617,1
3223,1275,2290,1
3224,1275,2291,1
3225,2290,2213,1
3226,2291,2290,1
3227,107,898,1
3228,107,250,1
3229,107,498,1
3230,107,108,1
3231,107,1937,1
3232,108,898,1
3233,108,498,1
3234,108,304,1
3235,930,1254,1
3236,930,1062,1
3237,930,805,1
3238,1924,2327,1
3239,1541,1395,1
3240,2530,2415,1
3241,2530,2090,1
3242,2665,2395,1
3243,909,827,1
3244,1894,2144,1
3245,1894,2524,1
3246,1894,827,1
3247,1894,1527,1
3248,1894,909,1
3249,913,827,1
3250,913,909,1
3251,2040,2004,1
3252,2040,2360,1
3253,2040,672,1
3254,2040,1924,1
3255,159,2172,1
3256,159,2066,1
3257,159,2543,1
3258,159,2674,1
3259,985,2038,1
3260,985,2066,1
3261,985,159,1
3262,985,1102,1
3263,1102,1370,1
3264,1102,1479,1
3265,1102,1413,1
3266,2084,2615,1
3267,364,590,1
3268,364,366,1
3269,365,590,1
3270,365,2572,1
3271,365,364,1
3272,366,590,1
3273,954,1461,1
3274,954,1591,1
3275,954,450,1
3276,1237,1521,1
3277,1327,1165,1
3278,431,2137,1
3279,431,156,1
3280,887,1531,1
3281,887,983,1
3282,1178,995,1
3283,1178,854,1
3284,1178,956,1
3285,1178,1476,1
3286,1178,1736,1
3287,1178,1737,1
3288,1178,1688,1
3289,1178,1690,1
3290,1178,1230,1
3291,1178,1231,1
3292,1178,1232,1
3293,1178,1362,1
3294,1178,1034,1
3295,1178,1099,1
3296,2175,1745,1
3297,2175,1009,1
3298,2175,1719,1
3299,2175,1940,1
3300,2175,2249,1
3301,2175,2250,1
3302,2175,1362,1
3303,2175,2087,1
3304,2175,2206,1
3305,2175,120,1
3306,2175,2259,1
3307,1184,141,1
3308,1184,781,1
3309,1184,1362,1
3310,1184,1784,1
3311,1184,2199,1
3312,1184,844,1
3313,1184,120,1
3314,1184,860,1
3315,752,1621,1
3316,2113,2623,1
3317,1963,2195,1
3318,1377,313,1
3319,1377,1642,1
3320,1377,288,1
3321,1475,1642,1
3322,691,1557,1
3323,964,1673,1
3324,964,1432,1
3325,964,1140,1
3326,964,965,1
3327,964,966,1
3328,964,1481,1
3329,964,902,1
3330,965,1673,1
3331,965,1432,1
3332,965,1590,1
3333,965,1140,1
3334,965,1253,1
3335,965,966,1
3336,965,981,1
3337,965,177,1
3338,965,1481,1
3339,965,1060,1
3340,966,1673,1
3341,966,1131,1
3342,966,1140,1
3343,966,1481,1
3344,983,1531,1
3345,983,1302,1
3346,983,928,1
3347,983,1002,1
3348,983,1735,1
3349,2687,636,1
3350,2687,2174,1
3351,2687,764,1
3352,764,769,1
3353,764,1581,1
3354,764,636,1
3355,764,2174,1
3356,764,1311,1
3357,2334,1588,1
3358,2334,1917,1
3359,2334,2332,1
3360,2334,2103,1
3361,2334,54,1
3362,2334,1832,1
3363,2334,1836,1
3364,2334,209,1
3365,2334,1790,1
3366,2334,2353,1
3367,2334,602,1
3368,1161,2324,1
3369,2149,1955,1
3370,2149,2188,1
3371,2391,2548,1
3372,2391,507,1
3373,2394,2427,1
3374,507,1888,1
3375,507,2548,1
3376,507,2391,1
3377,86,652,1
3378,86,249,1
3379,86,373,1
3380,2128,2479,1
3381,2128,2030,1
3382,2130,2030,1
3383,2131,2319,1
3384,2131,2030,1
3385,367,440,1
3386,1265,921,1
3387,1265,1725,1
3388,1523,813,1
3389,1523,815,1
3390,1523,1136,1
3391,1523,343,1
3392,1523,880,1
3393,1523,1060,1
3394,1000,931,1
3395,25,1181,1
3396,25,1897,1
3397,25,778,1
3398,25,20,1
3399,25,456,1
3400,120,1959,1
3401,1939,2307,1
3402,142,823,1
3403,142,1318,1
3404,142,1547,1
3405,142,520,1
3406,142,1283,1
3407,142,230,1
3408,142,227,1
3409,142,391,1
3410,2397,2203,1
3411,2397,2405,1
3412,2405,2203,1
3413,1411,2203,1
3414,245,172,1
3415,712,681,1
3416,712,2664,1
3417,712,1965,1
3418,712,54,1
3419,712,1036,1
3420,1662,1036,1
3421,2047,2111,1
3422,1177,1180,1
3423,1177,1627,1
3424,1177,1620,1
3425,2327,2015,1
3426,2327,1924,1
3427,2327,2034,1
3428,2429,2281,1
3429,2429,2624,1
3430,2429,2317,1
3431,2429,2152,1
3432,2429,1143,1
3433,2437,2433,1
3434,2447,2010,1
3435,1548,1291,1
3436,1548,1374,1
3437,849,1720,1
3438,860,1940,1
3439,878,1023,1
3440,878,1472,1
3441,981,1140,1
3442,177,885,1
3443,177,1489,1
3444,177,1959,1
3445,2095,2230,1
3446,2466,2240,1
3447,2466,1830,1
3448,2466,831,1
3449,2473,434,1
3450,2473,1192,1
3451,1601,1155,1
3452,1601,224,1
3453,1601,1428,1
3454,1601,1429,1
3455,675,2339,1
3456,675,1442,1
3457,675,1445,1
3458,675,597,1
3459,675,1429,1
3460,1121,806,1
3461,1121,1138,1
3462,1121,643,1
3463,1121,1046,1
3464,1121,1640,1
3465,334,267,1
3466,334,20,1
3467,455,374,1
3468,551,482,1
3469,551,2215,1
3470,551,2473,1
3471,339,1549,1
3472,339,270,1
3473,339,1602,1
3474,339,495,1
3475,342,1945,1
3476,342,2546,1
3477,342,270,1
3478,342,276,1
3479,342,1993,1
3480,342,467,1
3481,342,339,1
3482,342,776,1
3483,342,495,1
3484,342,729,1
3485,1452,1375,1
3486,1452,1289,1
3487,1452,560,1
3488,1025,1388,1
3489,1025,1712,1
3490,1025,1449,1
3491,1025,876,1
3492,1027,1388,1
3493,1027,56,1
3494,1257,1872,1
3495,1257,1719,1
3496,1257,2175,1
3497,1257,2087,1
3498,1257,2259,1
3499,2259,2271,1
3500,2259,1959,1
3501,2261,1719,1
3502,2261,2087,1
3503,2261,2206,1
3504,2261,2259,1
3505,1270,236,1
3506,1271,997,1
3507,1271,236,1
3508,2511,2083,1
3509,2511,2320,1
3510,2511,2141,1
3511,2511,2418,1
3512,2511,2345,1
3513,1528,1487,1
3514,1528,151,1
3515,1532,1480,1
3516,1532,1487,1
3517,1532,925,1
3518,689,1826,1
3519,689,1580,1
3520,1625,1580,1
3521,33,1701,1
3522,832,1701,1
3523,36,1066,1
3524,36,2072,1
3525,36,1974,1
3526,36,2390,1
3527,36,1701,1
3528,1250,399,1
3529,1250,1251,1
3530,1251,399,1
3531,2260,2501,1
3532,574,1962,1
3533,574,242,1
3534,574,2360,1
3535,574,2475,1
3536,574,1827,1
3537,574,1006,1
3538,574,2040,1
3539,1654,852,1
3540,1654,855,1
3541,1654,1338,1
3542,801,313,1
3543,801,1475,1
3544,2471,2245,1
3545,676,605,1
3546,676,1091,1
3547,676,1056,1
3548,676,1014,1
3549,121,1990,1
3550,121,1825,1
3551,121,731,1
3552,1060,1890,1
3553,1060,2039,1
3554,2039,1890,1
3555,310,2513,1
3556,1307,1657,1
3557,1307,1057,1
3558,1553,901,1
3559,1553,1552,1
3560,1554,901,1
3561,1554,1401,1
3562,1554,951,1
3563,1554,1552,1
3564,1554,1553,1
3565,2647,2658,1
3566,2647,2430,1
3567,1249,1734,1
3568,1249,1054,1
3569,1249,1408,1
3570,1810,1766,1
3571,2348,1783,1
3572,2348,2682,1
3573,662,181,1
3574,662,518,1
3575,1806,2279,1
3576,946,1179,1
3577,2328,1782,1
3578,1849,2163,1
3579,1007,2217,1
3580,1007,2426,1
3581,1007,1919,1
3582,1007,837,1
3583,1308,1504,1
3584,1308,1507,1
3585,423,2425,1
3586,423,1934,1
3587,423,557,1
3588,423,62,1
3589,1326,2144,1
3590,1326,2161,1
3591,1326,2434,1
3592,1326,1602,1
3593,1326,971,1
3594,1326,419,1
3595,1326,1747,1
3596,1326,248,1
3597,1326,776,1
3598,1326,105,1
3599,2556,1904,1
3600,2556,858,1
3601,643,1904,1
3602,643,2489,1
3603,643,222,1
3604,643,49,1
3605,643,50,1
3606,2112,2572,1
3607,2112,365,1
3608,2395,2665,1
3609,1129,1190,1
3610,1129,1222,1
3611,1129,809,1
3612,1129,814,1
3613,1129,919,1
3614,1129,1080,1
3615,495,270,1
3616,495,467,1
3617,573,270,1
3618,573,464,1
3619,1505,2560,1
3620,1505,932,1
3621,1505,251,1
3622,2596,2669,1
3623,2596,2680,1
3624,2596,2686,1
3625,1764,1938,1
3626,1765,1938,1
3627,1770,1938,1
3628,1770,1764,1
3629,1770,1765,1
3630,30,679,1
3631,30,231,1
3632,30,1148,1
3633,30,285,1
3634,30,2276,1
3635,2091,1944,1
3636,2091,2617,1
3637,2091,585,1
3638,2091,303,1
3639,447,630,1
3640,447,1501,1
3641,447,1471,1
3642,804,1585,1
3643,804,1664,1
3644,1779,2007,1
3645,1780,2007,1
3646,808,863,1
3647,808,1450,1
3648,808,1320,1
3649,808,1342,1
3650,314,1073,1
3651,314,1596,1
3652,314,1726,1
3653,314,156,1
3654,314,1244,1
3655,314,1684,1
3656,1182,1073,1
3657,1182,1726,1
3658,1182,1684,1
3659,2176,1914,1
3660,2176,2535,1
3661,1853,2320,1
3662,1853,1861,1
3663,1268,1898,1
3664,1268,2140,1
3665,1268,2323,1
3666,1268,1186,1
3667,1268,976,1
3668,1268,1414,1
3669,1268,788,1
3670,1268,1757,1
3671,1268,1842,1
3672,488,2053,1
3673,719,1133,1
3674,719,609,1
3675,719,520,1
3676,719,1112,1
3677,719,1838,1
3678,719,2561,1
3679,719,87,1
3680,719,1666,1
3681,719,611,1
3682,824,1215,1
3683,824,1707,1
3684,825,1215,1
3685,825,1707,1
3686,1773,2545,1
3687,1775,1771,1
3688,1775,2116,1
3689,1775,2082,1
3690,1793,2178,1
3691,1793,1775,1
3692,1793,1795,1
3693,1793,2082,1
3694,1794,2545,1
3695,1794,2178,1
3696,1794,1795,1
3697,1795,2545,1
3698,1795,2178,1
3699,1795,1775,1
3700,1795,1788,1
3701,1795,2082,1
3702,439,97,1
3703,439,388,1
3704,1550,1624,1
3705,1550,1158,1
3706,1550,1238,1
3707,1550,1199,1
3708,1550,1425,1
3709,1550,1419,1
3710,1550,1555,1
3711,1550,684,1
3712,1555,1158,1
3713,1346,1272,1
3714,1346,1281,1
3715,1346,1451,1
3716,1451,1604,1
3717,1451,1272,1
3718,663,496,1
3719,663,2393,1
3720,663,501,1
3721,650,472,1
3722,650,1557,1
3723,262,266,1
3724,1580,1577,1
3725,658,1577,1
3726,2371,2489,1
3727,2371,1126,1
3728,2372,2398,1
3729,2372,2489,1
3730,2372,1126,1
3731,793,1110,1
3732,793,959,1
3733,793,1334,1
3734,793,1694,1
3735,793,1330,1
3736,793,1734,1
3737,793,943,1
3738,793,1070,1
3739,793,1205,1
3740,793,1127,1
3741,793,856,1
3742,793,1380,1
3743,793,42,1
3744,793,1139,1
3745,793,163,1
3746,793,1069,1
3747,793,1691,1
3748,793,1455,1
3749,793,1715,1
3750,793,1249,1
3751,793,262,1
3752,793,1333,1
3753,793,1467,1
3754,1483,857,1
3755,1483,2052,1
3756,1483,2060,1
3757,1489,837,1
3758,902,910,1
3759,902,964,1
3760,902,965,1
3761,902,966,1
3762,902,981,1
3763,1896,1851,1
3764,205,600,1
3765,1052,600,1
3766,1052,1066,1
3767,1052,1051,1
3768,1052,832,1
3769,429,1514,1
3770,429,29,1
3771,1333,1514,1
3772,1333,1369,1
3773,1333,1225,1
3774,1333,1207,1
3775,1333,1224,1
3776,1333,1708,1
3777,1333,1467,1
3778,207,688,1
3779,207,1676,1
3780,207,1536,1
3781,1146,1676,1
3782,1146,820,1
3783,1153,1611,1
3784,1153,1675,1
3785,1153,942,1
3786,1153,1070,1
3787,1153,1205,1
3788,1153,1127,1
3789,1153,856,1
3790,1153,1063,1
3791,1153,1219,1
3792,1153,1410,1
3793,1153,1455,1
3794,1153,1077,1
3795,1153,1065,1
3796,1153,1113,1
3797,1153,1257,1
3798,1153,1204,1
3799,1266,1576,1
3800,1266,836,1
3801,375,1576,1
3802,375,836,1
3803,1539,924,1
3804,1539,2091,1
3805,1539,378,1
3806,1539,136,1
3807,1539,449,1
3808,481,9,1
3809,1515,936,1
3810,1515,1447,1
3811,1515,1711,1
3812,1515,1581,1
3813,2321,2370,1
3814,2321,2186,1
3815,1921,2402,1
3816,2030,2077,1
3817,2030,2659,1
3818,2030,743,1
3819,2030,744,1
3820,2030,2316,1
3821,1080,814,1
3822,729,1945,1
3823,729,67,1
3824,729,1993,1
3825,729,467,1
3826,2626,2399,1
3827,2626,2656,1
3828,2635,2231,1
3829,1800,1907,1
3830,1800,1901,1
3831,1800,2016,1
3832,1800,1995,1
3833,1800,342,1
3834,967,56,1
3835,967,1394,1
3836,967,1400,1
3837,967,957,1
3838,967,1561,1
3839,967,57,1
3840,967,847,1
3841,967,848,1
3842,967,689,1
3843,967,322,1
3844,967,306,1
3845,967,1032,1
3846,2108,1898,1
3847,2108,2140,1
3848,1365,1044,1
3849,1365,812,1
3850,696,215,1
3851,696,1672,1
3852,696,579,1
3853,969,954,1
3854,684,1425,1
3855,684,525,1
3856,1046,1344,1
3857,1047,1355,1
3858,1047,1420,1
3859,1047,603,1
3860,1047,1344,1
3861,306,1376,1
3862,1340,1075,1
3863,2017,2677,1
3864,2017,1479,1
3865,2017,1582,1
3866,1026,1433,1
3867,1026,1105,1
3868,269,24,1
3869,489,2670,1
3870,489,238,1
3871,489,301,1
3872,489,1815,1
3873,489,46,1
3874,1658,884,1
3875,1919,2431,1
3876,462,187,1
3877,462,2582,1
3878,1620,1180,1
3879,1911,1719,1
3880,1911,290,1
3881,1911,1098,1
3882,1911,2087,1
3883,1911,2206,1
3884,1911,860,1
3885,934,1353,1
3886,934,940,1
3887,934,1009,1
3888,934,1631,1
3889,934,844,1
3890,934,860,1
3891,1640,1355,1
3892,1640,603,1
3893,1648,1355,1
3894,786,791,1
3895,1192,321,1
3896,1193,1183,1
3897,2179,2183,1
3898,2179,2150,1
3899,2179,321,1
3900,1202,1183,1
3901,2303,2035,1
3902,2303,858,1
3903,2303,1951,1
3904,518,2532,1
3905,2417,2532,1
3906,970,1396,1
3907,974,844,1
3908,974,970,1
3909,1678,861,1
3910,1678,1339,1
3911,1678,1570,1
3912,728,243,1
3913,728,943,1
3914,728,1127,1
3915,728,1305,1
3916,728,1466,1
3917,1106,1305,1
3918,1106,1065,1
3919,1466,943,1
3920,1466,1650,1
3921,1467,1333,1
3922,1067,1801,1
3923,1067,834,1
3924,1067,1814,1
3925,1072,839,1
3926,2044,1149,1
3927,2044,2683,1
3928,2044,80,1
3929,32,679,1
3930,243,357,1
3931,243,53,1
3932,1119,2405,1
3933,2398,2399,1
3934,2398,2184,1
3935,614,615,1
3936,615,556,1
3937,615,98,1
3938,615,54,1
3939,2079,2609,1
3940,2080,2609,1
3941,2329,2080,1
3942,2329,1918,1
3943,2329,2589,1
3944,2329,1428,1
3945,2630,1826,1
3946,2685,2053,1
3947,2690,2053,1
3948,1846,1927,1
3949,1847,1846,1
3950,1847,1927,1
3951,630,408,1
3952,630,447,1
3953,659,695,1
3954,659,397,1
3955,659,11,1
3956,659,624,1
3957,659,625,1
3958,1696,1769,1
3959,1696,1334,1
3960,1696,1943,1
3961,1696,1872,1
3962,1696,1971,1
3963,1696,2330,1
3964,1696,2250,1
3965,1696,2175,1
3966,1696,1771,1
3967,2656,1699,1
3968,2656,799,1
3969,1699,799,1
3970,1706,799,1
3971,1706,1385,1
3972,2660,1933,1
3973,748,1933,1
3974,748,138,1
3975,1891,1149,1
3976,1891,1875,1
3977,1891,1774,1
3978,912,1149,1
3979,912,1150,1
3980,929,2442,1
3981,1898,278,1
3982,1898,2140,1
3983,767,255,1
3984,1862,1863,1
3985,1862,1964,1
3986,2270,2043,1
3987,2270,480,1
3988,995,2139,1
3989,995,956,1
3990,995,1971,1
3991,995,1985,1
3992,995,1690,1
3993,995,1230,1
3994,995,1231,1
3995,995,1232,1
3996,995,1495,1
3997,324,326,1
3998,324,278,1
3999,324,389,1
4000,324,185,1
4001,326,324,1
4002,326,278,1
4003,327,324,1
4004,327,326,1
4005,327,945,1
4006,327,1899,1
4007,327,1532,1
4008,332,324,1
4009,332,389,1
4010,332,185,1
4011,332,1064,1
4012,12,155,1
4013,1646,943,1
4014,1646,145,1
4015,817,818,1
4016,817,819,1
4017,818,817,1
4018,818,819,1
4019,1843,2626,1
4020,993,973,1
4021,267,20,1
4022,534,313,1
4023,862,2364,1
4024,862,1513,1
4025,862,1407,1
4026,862,1155,1
4027,862,785,1
4028,1368,991,1
4029,442,401,1
4030,2551,2473,1
4031,504,702,1
4032,2684,2523,1
4033,164,517,1
4034,1008,1011,1
4035,1008,1486,1
4036,1010,1011,1
4037,1010,877,1
4038,1010,1651,1
4039,1010,1182,1
4040,2584,2632,1
4041,1618,1220,1
4042,1618,1112,1
4043,1618,2343,1
4044,2598,854,1
4045,2598,956,1
4046,2598,1631,1
4047,2598,2330,1
4048,2598,1230,1
4049,2598,1232,1
4050,2604,1631,1
4051,2604,2330,1
4052,1631,2330,1
4053,1934,1816,1
4054,1736,1690,1
4055,1737,1736,1
4056,2706,1752,1
4057,2706,1138,1
4058,2706,1046,1
4059,2706,1640,1
4060,2014,2018,1
4061,2014,1828,1
4062,2018,1828,1
4063,2278,2284,1
4064,2283,2284,1
4065,2412,2255,1
4066,2412,1758,1
4067,1818,2073,1
4068,1818,1813,1
4069,1818,2029,1
4070,1952,2396,1
4071,1952,2029,1
4072,2055,2352,1
4073,238,301,1
4074,238,46,1
4075,527,2606,1
4076,2459,553,1
4077,2459,2606,1
4078,1746,1948,1
4079,1254,1464,1
4080,1254,1062,1
4081,1254,930,1
4082,687,1157,1
4083,687,2381,1
4084,687,626,1
4085,687,110,1
4086,687,1564,1
4087,687,2683,1
4088,687,1700,1
4089,687,1704,1
4090,173,1378,1
4091,173,575,1
4092,173,2485,1
4093,2214,2223,1
4094,2214,420,1
4095,360,151,1
4096,1897,2146,1
4097,1897,2182,1
4098,2019,2147,1
4099,2164,2094,1
4100,2164,2521,1
4101,2164,1749,1
4102,2164,5,1
4103,2164,515,1
4104,725,93,1
4105,725,48,1
4106,1804,2289,1
4107,1805,2289,1
4108,1805,1804,1
4109,1926,748,1
4110,1933,748,1
4111,1933,36,1
4112,137,748,1
4113,137,138,1
4114,137,416,1
4115,1941,748,1
4116,1941,1926,1
4117,138,748,1
4118,138,137,1
4119,138,892,1
4120,138,416,1
4121,138,115,1
4122,1140,2294,1
4123,1140,1311,1
4124,1140,811,1
4125,1313,1623,1
4126,1313,1655,1
4127,795,794,1
4128,951,1401,1
4129,2173,2204,1
4130,922,1416,1
4131,922,1233,1
4132,922,923,1
4133,923,1416,1
4134,923,1233,1
4135,1196,840,1
4136,2540,1857,1
4137,730,770,1
4138,730,1889,1
4139,2648,1889,1
4140,978,1825,1
4141,1966,1825,1
4142,979,1825,1
4143,191,448,1
4144,191,22,1
4145,191,395,1
4146,2005,2345,1
4147,1037,1470,1
4148,1037,1042,1
4149,1037,1610,1
4150,200,1891,1
4151,200,536,1
4152,206,1891,1
4153,206,536,1
4154,206,1042,1
4155,1042,1435,1
4156,1043,1435,1
4157,1043,1042,1
4158,286,2195,1
4159,286,178,1
4160,286,1963,1
4161,2134,2644,1
4162,2689,2209,1
4163,882,1012,1
4164,882,1616,1
4165,882,1316,1
4166,100,1611,1
4167,100,265,1
4168,100,758,1
4169,1980,2457,1
4170,1980,758,1
4171,1980,2202,1
4172,1980,262,1
4173,270,276,1
4174,2115,2000,1
4175,2115,276,1
4176,275,464,1
4177,276,2546,1
4178,276,1993,1
4179,279,464,1
4180,1253,1131,1
4181,1253,1311,1
4182,1253,811,1
4183,1656,2357,1
4184,1656,1822,1
4185,1656,527,1
4186,1656,1710,1
4187,1656,731,1
4188,1081,521,1
4189,1082,1081,1
4190,1082,2312,1
4191,1082,521,1
4192,2071,1809,1
4193,412,688,1
4194,1442,1135,1
4195,1444,1442,1
4196,1444,1135,1
4197,1445,1442,1
4198,2016,467,1
4199,2016,342,1
4200,1292,960,1
4201,1292,1085,1
4202,1292,1049,1
4203,1292,1071,1
4204,1301,960,1
4205,1301,2346,1
4206,1301,1266,1
4207,865,2560,1
4208,865,932,1
4209,865,795,1
4210,865,251,1
4211,865,1505,1
4212,155,117,1
4213,155,513,1
4214,161,713,1
4215,161,95,1
4216,161,996,1
4217,161,2311,1
4218,161,1147,1
4219,161,684,1
4220,249,652,1
4221,1579,1103,1
4222,763,241,1
4223,763,2355,1
4224,140,323,1
4225,1464,1470,1
4226,1464,1021,1
4227,1464,200,1
4228,1464,1100,1
4229,1471,1501,1
4230,1719,2363,1
4231,1719,1216,1
4232,1728,1110,1
4233,1728,129,1
4234,1728,168,1
4235,1728,1536,1
4236,1728,1474,1
4237,1728,1249,1
4238,1728,1775,1
4239,1729,1110,1
4240,2020,1857,1
4241,1407,783,1
4242,1993,1945,1
4243,1993,2546,1
4244,1993,276,1
4245,578,1877,1
4246,578,482,1
4247,578,13,1
4248,578,1122,1
4249,578,1333,1
4250,704,376,1
4251,1927,1846,1
4252,301,46,1
4253,1738,1264,1
4254,911,177,1
4255,201,143,1
4256,201,427,1
4257,2319,2479,1
4258,1409,2600,1
4259,1409,2703,1
4260,1409,789,1
4261,1409,958,1
4262,1409,2220,1
4263,1409,1797,1
4264,1038,1196,1
4265,1038,916,1
4266,214,469,1
4267,214,587,1
4268,214,78,1
4269,1155,1407,1
4270,1155,783,1
4271,1155,785,1
4272,379,756,1
4273,379,176,1
4274,2305,2183,1
4275,2305,2150,1
4276,2305,321,1
4277,1724,1538,1
4278,1724,1508,1
4279,1724,1492,1
4280,1206,1544,1
4281,1206,789,1
4282,1441,1638,1
4283,1441,1717,1
4284,2528,1858,1
4285,2221,1757,1
4286,2589,2424,1
4287,2013,2382,1
4288,2695,2198,1
4289,2696,98,1
4290,2696,2695,1
4291,2696,2036,1
4292,1063,1628,1
4293,1063,1065,1
4294,2410,1811,1
4295,2410,204,1
4296,99,1852,1
4297,99,1803,1
4298,99,2578,1
4299,99,1613,1
4300,99,2592,1
4301,99,1619,1
4302,99,1722,1
4303,99,2679,1
4304,99,1255,1
4305,1546,1376,1
4306,2236,2542,1
4307,2236,2435,1
4308,2236,2262,1
4309,2262,2542,1
4310,2262,2435,1
4311,2262,2236,1
4312,1463,931,1
4313,1463,1399,1
4314,1463,1405,1
4315,1463,1406,1
4316,1463,1361,1
4317,1463,999,1
4318,1781,2663,1
4319,1781,1819,1
4320,1566,1567,1
4321,1567,1566,1
4322,1567,1358,1
4323,1983,2078,1
4324,2227,2072,1
4325,2227,1974,1
4326,2227,2390,1
4327,2227,1923,1
4328,146,17,1
4329,1358,1661,1
4330,1460,924,1
4331,976,905,1
4332,660,635,1
4333,77,337,1
4334,340,529,1
4335,340,341,1
4336,340,709,1
4337,341,529,1
4338,341,709,1
4339,389,185,1
4340,389,1937,1
4341,509,669,1
4342,509,314,1
4343,283,2093,1
4344,2268,2445,1
4345,2268,2275,1
4346,2268,1753,1
4347,2275,2445,1
4348,2275,2522,1
4349,2275,2268,1
4350,2275,2191,1
4351,1086,1545,1
4352,1086,1582,1
4353,1086,1641,1
4354,1086,1076,1
4355,1086,1078,1
4356,123,553,1
4357,265,758,1
4358,421,255,1
4359,883,1665,1
4360,883,1210,1
4361,2011,2633,1
4362,2011,1835,1
4363,2011,2182,1
4364,1020,2577,1
4365,988,1515,1
4366,2223,190,1
4367,2223,510,1
4368,356,190,1
4369,356,510,1
4370,1214,1635,1
4371,1827,1962,1
4372,1827,2083,1
4373,1827,2224,1
4374,1827,2110,1
4375,2463,1934,1
4376,1306,607,1
4377,1306,1499,1
4378,1310,1306,1
4379,1310,1499,1
4380,537,357,1
4381,537,606,1
4382,537,1204,1
4383,1457,1237,1
4384,58,1891,1
4385,58,536,1
4386,58,990,1
4387,58,2495,1
4388,454,1368,1
4389,454,183,1
4390,454,541,1
4391,2075,1855,1
4392,2170,1325,1
4393,1175,1325,1
4394,1175,1628,1
4395,1578,1622,1
4396,1578,1010,1
4397,1578,877,1
4398,1578,1651,1
4399,1578,1182,1
4400,2254,2347,1
4401,2254,2039,1
4402,2265,2347,1
4403,1879,2355,1
4404,1879,1760,1
4405,1879,763,1
4406,693,1501,1
4407,693,648,1
4408,693,1471,1
4409,693,531,1
4410,1633,1471,1
4411,307,598,1
4412,2384,2460,1
4413,520,524,1
4414,524,1454,1
4415,524,1169,1
4416,37,563,1
4417,38,372,1
4418,38,563,1
4419,38,273,1
4420,734,213,1
4421,771,104,1
4422,771,72,1
4423,1989,1882,1
4424,2126,2339,1
4425,2126,2213,1
4426,2126,2591,1
4427,572,112,1
4428,699,588,1
4429,1172,915,1
4430,1172,623,1
4431,1172,1141,1
4432,1172,2341,1
4433,1172,2108,1
4434,2166,2524,1
4435,2166,2167,1
4436,2166,971,1
4437,2166,776,1
4438,2167,2161,1
4439,2169,2420,1
4440,2292,2140,1
4441,2292,1899,1
4442,2293,1937,1
4443,398,419,1
4444,398,248,1
4445,398,776,1
4446,2404,2221,1
4447,515,637,1
4448,2434,2160,1
4449,2434,105,1
4450,623,637,1
4451,623,2140,1
4452,623,1937,1
4453,623,1064,1
4454,1583,900,1
4455,1583,2563,1
4456,1583,2396,1
4457,1689,1738,1
4458,1689,38,1
4459,1421,1417,1
4460,1421,821,1
4461,1607,1223,1
4462,1615,1229,1
4463,1615,1639,1
4464,428,184,1
4465,428,598,1
4466,428,433,1
4467,428,302,1
4468,432,184,1
4469,432,598,1
4470,432,428,1
4471,432,433,1
4472,432,302,1
4473,433,184,1
4474,85,425,1
4475,85,2368,1
4476,1145,1323,1
4477,1149,1323,1
4478,1149,1150,1
4479,1150,1323,1
4480,639,1763,1
4481,639,584,1
4482,2107,2574,1
4483,2107,2571,1
4484,2107,1953,1
4485,2107,1865,1
4486,2107,2046,1
4487,2107,613,1
4488,2107,2496,1
4489,268,232,1
4490,268,2571,1
4491,268,2046,1
4492,268,616,1
4493,281,460,1
4494,877,1651,1
4495,2118,2442,1
4496,2624,2702,1
4497,2624,1931,1
4498,2624,1878,1
4499,2624,2277,1
4500,2624,1204,1
4501,563,500,1
4502,2021,2218,1
4503,2021,87,1
4504,2396,2563,1
4505,717,2502,1
4506,717,1877,1
4507,717,2568,1
4508,717,1122,1
4509,717,523,1
4510,150,50,1
4511,150,643,1
4512,1947,2557,1
4513,152,1383,1
4514,2558,2514,1
4515,2558,450,1
4516,646,450,1
4517,1718,810,1
4518,1718,2582,1
4519,1718,2413,1
4520,1718,2414,1
4521,1718,201,1
4522,1718,28,1
4523,1718,1867,1
4524,1718,2138,1
4525,1718,1373,1
4526,271,718,1
4527,354,330,1
4528,354,839,1
4529,354,1072,1
4530,1252,1634,1
4531,1252,907,1
4532,1252,918,1
4533,1252,820,1
4534,1252,829,1
4535,1252,830,1
4536,1252,1485,1
4537,1252,1115,1
4538,1890,2039,1
4539,2132,1837,1
4540,1642,313,1
4541,1642,1475,1
4542,2315,2287,1
4543,188,141,1
4544,188,721,1
4545,188,755,1
4546,188,717,1
4547,188,42,1
4548,188,163,1
4549,188,415,1
4550,188,757,1
4551,188,380,1
4552,188,139,1
4553,188,120,1
4554,188,262,1
4555,188,523,1
4556,189,2664,1
4557,189,188,1
4558,189,42,1
4559,189,163,1
4560,189,395,1
4561,189,2102,1
4562,1714,1458,1
4563,838,1458,1
4564,1341,1044,1
4565,1341,812,1
4566,1356,1430,1
4567,2046,616,1
4568,417,317,1
4569,417,508,1
4570,2326,317,1
4571,2326,508,1
4572,2326,2324,1
4573,778,56,1
4574,13,482,1
4575,866,890,1
4576,1529,1314,1
4577,1529,882,1
4578,857,2060,1
4579,2620,1972,1
4580,1661,1469,1
4581,1661,1358,1
4582,143,180,1
4583,143,337,1
4584,143,346,1
4585,143,363,1
4586,670,603,1
4587,2205,1799,1
4588,541,183,1
4589,1820,2383,1
4590,1820,2569,1
4591,1533,900,1
4592,1533,1730,1
4593,1533,781,1
4594,1533,1277,1
4595,1533,970,1
4596,1668,2535,1
4597,1996,1997,1
4598,1828,2018,1
4599,1520,1258,1
4600,1520,1526,1
4601,1520,1200,1
4602,1520,920,1
4603,1520,1246,1
4604,1520,354,1
4605,1520,1524,1
4606,1520,1709,1
4607,1520,570,1
4608,1520,834,1
4609,1520,839,1
4610,1520,872,1
4611,1520,873,1
4612,1520,59,1
4613,1520,874,1
4614,1520,1245,1
4615,1520,1211,1
4616,1520,1072,1
4617,1524,1381,1
4618,1524,1526,1
4619,1524,1243,1
4620,1524,1245,1
4621,1990,233,1
4622,1990,2093,1
4623,1990,201,1
4624,1130,959,1
4625,1130,1334,1
4626,195,707,1
4627,196,216,1
4628,196,195,1
4629,196,707,1
4630,1295,886,1
4631,2678,2477,1
4632,2678,2576,1
4633,2189,2188,1
4634,2189,2190,1
4635,2189,2365,1
4636,2190,1955,1
4637,2190,2188,1
4638,2190,2189,1
4639,2190,2149,1
4640,2190,2365,1
4641,2194,1955,1
4642,2194,2188,1
4643,2194,2189,1
4644,2194,2190,1
4645,2194,2149,1
4646,1710,1450,1
4647,1710,576,1
4648,43,576,1
4649,2539,2213,1
4650,2067,1792,1
4651,181,518,1
4652,1002,1735,1
4653,668,1508,1
4654,668,604,1
4655,668,975,1
4656,668,2413,1
4657,668,2414,1
4658,668,263,1
4659,668,2683,1
4660,668,1315,1
4661,668,2562,1
4662,668,310,1
4663,2165,2363,1
4664,2165,538,1
4665,2165,2193,1
4666,2165,1143,1
4667,1727,1376,1
4668,709,529,1
4669,709,341,1
4670,28,586,1
4671,1940,2250,1
4672,2432,1755,1
4673,2330,1769,1
4674,2330,1631,1
4675,1725,921,1
4676,1725,1265,1
4677,55,1905,1
4678,55,361,1
4679,55,1832,1
4680,55,844,1
4681,1834,1905,1
4682,460,148,1
4683,346,337,1
4684,346,363,1
4685,20,267,1
4686,2622,2033,1
4687,2317,1353,1
4688,2317,2624,1
4689,2636,2300,1
4690,246,560,1
4691,444,753,1
4692,2673,995,1
4693,2673,2541,1
4694,1194,594,1
4695,2662,1822,1
4696,2662,2606,1
4697,2662,527,1
4698,2422,2376,1
4699,2351,1772,1
4700,1379,1611,1
4701,1380,1611,1
4702,1380,1717,1
4703,2403,2581,1
4704,90,680,1
4705,1967,695,1
4706,1154,819,1
4707,1154,1531,1
4708,2603,1756,1
4709,2613,1756,1
4710,1663,1756,1
4711,1663,2504,1
4712,1663,1266,1
4713,941,1717,1
4714,941,1441,1
4715,1207,900,1
4716,2449,1881,1
4717,2449,2158,1
4718,2449,2450,1
4719,2450,1881,1
4720,2451,2446,1
4721,2451,1973,1
4722,2549,2608,1
4723,2549,280,1
4724,2549,519,1
4725,2651,2059,1
4726,1968,527,1
4727,1968,1774,1
4728,1968,2619,1
4729,961,1515,1
4730,2438,2091,1
4731,595,233,1
4732,595,121,1
4733,2056,271,1
4734,2056,2095,1
4735,2304,2297,1
4736,2304,908,1
4737,1223,1607,1
4738,42,188,1
4739,1875,2439,1
4740,1058,2454,1
4741,1058,1211,1
4742,2129,2454,1
4743,452,117,1
4744,169,212,1
4745,1815,2670,1
4746,1815,2671,1
4747,1815,238,1
4748,1815,253,1
4749,46,238,1
4750,46,867,1
4751,441,297,1
4752,1059,1055,1
4753,2237,2274,1
4754,2237,2170,1
4755,145,2521,1
4756,145,2286,1
4757,145,390,1
4758,145,1224,1
4759,145,1218,1
4760,145,2248,1
4761,145,2251,1
4762,145,2280,1
4763,145,2296,1
4764,145,1530,1
4765,2481,1858,1
4766,1774,990,1
4767,805,990,1
4768,2659,743,1
4769,2659,2316,1
4770,743,2077,1
4771,743,65,1
4772,743,2316,1
4773,744,2077,1
4774,744,65,1
4775,744,743,1
4776,744,2316,1
4777,1838,2514,1
4778,1838,2380,1
4779,980,1488,1
4780,2101,2470,1
4781,2472,2476,1
4782,1414,945,1
4783,2561,2380,1
4784,756,176,1
4785,1461,1357,1
4786,1461,1593,1
4787,1461,304,1
4788,1461,1288,1
4789,81,647,1
4790,1139,780,1
4791,1139,1572,1
4792,1139,1018,1
4793,1139,1598,1
4794,607,1055,1
4795,607,821,1
4796,1946,1030,1
4797,1946,2516,1
4798,64,284,1
4799,185,389,1
4800,1272,1604,1
4801,240,2308,1
4802,240,61,1
4803,1294,915,1
4804,1434,1208,1
4805,1319,1391,1
4806,514,506,1
4807,387,293,1
4808,72,771,1
4809,72,202,1
4810,989,1418,1
4811,989,1068,1
4812,508,317,1
4813,2619,328,1
4814,2619,1774,1
4815,1572,1598,1
4816,1367,817,1
4817,1493,774,1
4818,1493,867,1
4819,26,1129,1
4820,210,644,1
4821,210,148,1
4822,2322,2498,1
4823,1109,2151,1
4824,253,2670,1
4825,253,1815,1
4826,165,432,1
4827,1630,1150,1
4828,27,532,1
4829,1419,525,1
4830,1419,1550,1
4831,522,525,1
4832,1427,525,1
4833,1427,1550,1
4834,2006,1824,1
4835,2222,2150,1
4836,272,516,1
4837,272,914,1
4838,692,296,1
4839,919,908,1
4840,939,1242,1
4841,331,179,1
4842,331,101,1
4843,331,774,1
4844,2490,1807,1
4845,802,973,1
4846,1048,984,1
4847,1878,2571,1
4848,1542,801,1
4849,1960,1949,1
4850,678,528,1
4851,2482,2645,1
4852,1169,1454,1
4853,2204,2173,1
4854,1964,1862,1
4855,1964,1863,1
4856,291,487,1
4857,1922,2026,1
4858,1928,1923,1
4859,1928,2114,1
4860,1176,2272,1
4861,1176,254,1
4862,1563,357,1
4863,1563,53,1
4864,2663,2229,1
4865,333,463,1
4866,2203,2397,1
4867,257,480,1
4868,257,36,1
4869,1242,939,1
4870,351,730,1
4871,895,1436,1
4872,1446,948,1
4873,1224,2673,1
4874,1848,2483,1
4875,1005,1313,1
4876,1168,802,1
4877,1439,53,1
4878,1439,803,1
4879,531,1490,1
4880,2667,2295,1
4881,2667,2381,1
4882,2667,2504,1
4883,2667,2429,1
4884,1382,1313,1
4885,2631,2601,1
4886,1915,2497,1
4887,1915,1981,1
4888,2590,388,1
4889,1803,1913,1
4890,2448,2311,1
4891,2448,519,1
4892,905,1397,1
4893,891,1437,1
4894,758,265,1
4895,2312,2587,1
4896,1160,1166,1
4897,2238,2271,1
4898,2249,2271,1
4899,2250,2271,1
4900,2252,2271,1
4901,2252,2277,1
4902,782,1532,1
4903,2407,2704,1
4904,2407,1631,1
4905,2200,2703,1
4906,2200,1797,1
4907,1216,1035,1
4908,1216,1571,1
4909,1216,1299,1
4910,1218,1035,1
4911,1218,1571,1
4912,1218,1299,1
4913,1218,1424,1
4914,1218,714,1
4915,1218,1670,1
4916,1218,833,1
4917,1218,1516,1
4918,1218,1530,1
4919,2202,1571,1
4920,2202,1303,1
4921,2202,2638,1
4922,885,831,1
4923,1069,1096,1
4924,1069,1685,1
4925,1069,1455,1
4926,1069,422,1
4927,2566,2531,1
4928,1602,1549,1
4929,2045,2550,1
4930,2037,1584,1
4931,2037,288,1
4932,2037,2151,1
4933,288,2157,1
4934,2151,1584,1
4935,1164,1584,1
4936,2157,2565,1
4937,971,1602,1
4938,1660,1083,1
4939,1660,952,1
4940,2611,1763,1
4941,2611,2606,1
4942,2076,211,1
4943,1324,1543,1
4944,1324,2076,1
4945,1324,1747,1
4946,1324,260,1
4947,2119,2154,1
4948,1076,1078,1
4949,1078,1076,1
4950,790,1510,1
4951,419,1747,1
4952,419,260,1
4953,779,542,1
4954,779,684,1
4955,1347,1147,1
4956,2578,99,1
4957,1613,1614,1
4958,1613,1162,1
4959,1614,1613,1
4960,2592,1852,1
4961,1619,1613,1
4962,1619,1614,1
4963,1722,1619,1
4964,1723,1619,1
4965,1723,1722,1
4966,2679,99,1
4967,2679,2578,1
4968,784,845,1
4969,784,1613,1
4970,784,1338,1
4971,917,850,1
4972,917,784,1
4973,917,1338,1
4974,1015,852,1
4975,1015,996,1
4976,1015,1338,1
4977,1338,855,1
4978,542,779,1
4979,1519,963,1
4980,1519,1177,1
4981,2496,2571,1
4982,2496,613,1
4983,1674,1123,1
4984,1674,1680,1
4985,1680,1123,1
4986,2233,2201,1
4987,363,337,1
4988,757,755,1
4989,757,1965,1
4990,2141,2418,1
4991,299,746,1
4992,299,2083,1
4993,299,596,1
4994,299,1827,1
4995,299,2110,1
4996,1685,1069,1
4997,1685,1455,1
4998,1685,422,1
4999,1850,2554,1
5000,1159,2564,1
5001,1159,1485,1
5002,380,1737,1
5003,380,1784,1
5004,380,2641,1
5005,380,2196,1
5006,380,1473,1
5007,380,1474,1
5008,380,1257,1
5009,380,934,1
5010,1536,1518,1
5011,1536,2504,1
5012,1771,1872,1
5013,1221,2703,1
5014,1221,1797,1
5015,938,1127,1
5016,938,2196,1
5017,2058,755,1
5018,2058,2232,1
5019,2058,757,1
5020,1455,1694,1
5021,1558,2564,1
5022,2564,1785,1
5023,880,815,1
5024,880,1523,1
5025,2298,2518,1
5026,1424,1799,1
5027,1801,1814,1
5028,834,1814,1
5029,839,1526,1
5030,839,1709,1
5031,839,59,1
5032,839,874,1
5033,839,1067,1
5034,1814,834,1
5035,1821,1801,1
5036,1821,834,1
5037,1231,854,1
5038,1231,956,1
5039,1231,1985,1
5040,1231,2086,1
5041,1231,1230,1
5042,1231,1232,1
5043,2211,854,1
5044,2211,1971,1
5045,2211,1232,1
5046,2216,2688,1
5047,2216,2705,1
5048,2470,1230,1
5049,2470,1277,1
5050,2470,2643,1
5051,2470,2646,1
5052,1495,1231,1
5053,1784,2688,1
5054,1784,2705,1
5055,1784,55,1
5056,1784,2199,1
5057,1784,844,1
5058,1936,1943,1
5059,1014,1091,1
5060,1014,1056,1
5061,1260,1104,1
5062,1262,1104,1
5063,1510,790,1
5064,1757,1842,1
5065,348,1596,1
5066,348,1244,1
5067,1244,1596,1
5068,1679,1726,1
5069,1684,1726,1
5070,1831,1832,1
5071,1831,1836,1
5072,1832,1836,1
5073,1836,1832,1
5074,1839,2688,1
5075,1839,2705,1
5076,1839,290,1
5077,1840,2688,1
5078,1840,2705,1
5079,1034,1730,1
5080,209,2704,1
5081,1065,1279,1
5082,2133,1925,1
5083,2133,2199,1
5084,2133,2206,1
5085,2152,1277,1
5086,2267,2196,1
5087,2269,2277,1
5088,1277,1476,1
5089,1277,2277,1
5090,2402,1921,1
5091,1408,1921,1
5092,2641,1745,1
5093,2643,2646,1
5094,2646,2643,1
5095,2206,1925,1
5096,2206,1984,1
5097,2379,1984,1
5098,2379,2206,1
5099,2392,1925,1
5100,1404,755,1
5101,1404,1143,1
5102,2512,1930,1
5103,972,953,1
5104,2065,1985,1
5105,2065,2086,1
5106,1167,1330,1
5107,1167,1331,1
5108,1167,1332,1
5109,1789,2469,1
5110,2102,2664,1
5111,1473,1474,1
5112,1473,1249,1
5113,1474,1249,1
5114,1715,1734,1
5115,1715,1386,1
5116,2621,2105,1
5117,302,598,1
5118,302,428,1
5119,1666,1133,1
5120,2668,2365,1
5121,2121,2212,1
5122,1387,1239,1
5123,1817,2464,1
5124,2697,2700,1
5125,2697,2288,1
5126,2697,2698,1
5127,2697,1759,1
5128,2698,2700,1
5129,2698,1759,1
5130,1759,2288,1
5131,1300,1320,1
5132,1300,1342,1
5133,2454,1342,1
5134,2386,2387,1
5135,588,186,1
5136,588,699,1
5137,2628,2629,1
5138,820,829,1
5139,820,1115,1
5140,128,103,1
5141,962,829,1
5142,2552,2026,1
5143,2576,1051,1
5144,1912,304,1
5145,1912,1932,1
5146,2242,2458,1
5147,2375,2416,1
5148,1681,1682,1
5149,1682,1681,1
5150,2661,2159,1
5151,2661,1910,1
5152,2661,2506,1
5153,2661,2242,1
5154,2661,2375,1
5155,2366,2506,1
5156,2366,2575,1
5157,2366,2458,1
5158,2575,2388,1
5159,2248,2296,1
5160,2251,2296,1
5161,2280,2286,1
5162,1113,1380,1
5163,101,2680,1
5164,101,2686,1
5165,916,2686,1
5166,916,2373,1
5167,916,2374,1
5168,1751,2691,1
5169,888,1731,1
5170,888,896,1
5171,888,41,1
5172,894,1255,1
5173,904,1733,1
5174,904,889,1
5175,904,892,1
5176,904,352,1
5177,904,1372,1
5178,904,115,1
5179,2025,2693,1
5180,2025,2377,1
5181,292,904,1
5182,2153,2699,1
5183,2153,889,1
5184,2153,1977,1
5185,2153,1982,1
5186,2153,1992,1
5187,2153,2025,1
5188,2153,1716,1
5189,2153,2002,1
5190,2153,2219,1
5191,2153,2318,1
5192,2153,115,1
5193,2153,2008,1
5194,2153,2022,1
5195,2247,2701,1
5196,2247,2263,1
5197,2263,2701,1
5198,533,777,1
5199,2456,1742,1
5200,1598,780,1
5201,1713,889,1
5202,1713,1870,1
5203,1713,1978,1
5204,1713,1982,1
5205,1713,1991,1
5206,1713,1992,1
5207,1713,138,1
5208,1713,41,1
5209,1713,2153,1
5210,1713,1716,1
5211,1713,2002,1
5212,1713,892,1
5213,1713,468,1
5214,1713,2510,1
5215,1713,416,1
5216,1713,115,1
5217,1716,1982,1
5218,1716,1991,1
5219,1716,138,1
5220,1716,41,1
5221,1716,1713,1
5222,1716,892,1
5223,2002,1713,1
5224,2285,2311,1
5225,2285,2138,1
5226,1383,1398,1
5227,1384,1383,1
5228,892,889,1
5229,2234,2208,1
5230,2235,2208,1
5231,2362,1870,1
5232,2362,2510,1
5233,1372,896,1
5234,1372,352,1
5235,468,896,1
5236,468,182,1
5237,468,2377,1
5238,468,491,1
5239,491,182,1
5240,491,2377,1
5241,2510,1977,1
5242,2510,1978,1
5243,2510,1991,1
5244,2510,2002,1
5245,2510,416,1
5246,126,94,1
5247,126,2208,1
5248,2208,2313,1
5249,2219,1977,1
5250,2219,2008,1
5251,2219,2022,1
5252,1255,95,1
5253,358,95,1
5254,358,1255,1
5255,1761,2208,1
5256,1913,416,1
5257,2318,1977,1
5258,2318,491,1
5259,416,138,1
5260,115,2421,1
5261,1906,2421,1
5262,2008,2022,1
5263,2022,2008,1
5264,1156,1013,1
5265,714,1035,1
5266,714,1299,1
5267,714,833,1
5268,1796,2001,1
5269,1796,1030,1
5270,1796,1917,1
5271,1796,833,1
5272,833,2001,1
5273,833,1516,1
5274,1392,1299,1
5275,1530,1424,1
5276,589,282,1
5277,589,592,1
5278,592,1144,1
5279,592,282,1
5280,592,589,1
5281,592,1509,1
5282,1509,1144,1
5283,1509,589,1
5284,703,2233,1
5285,1798,2120,1
5286,1700,1157,1
5287,741,1157,1
5288,741,687,1
5289,1704,1157,1
5290,1134,1264,1
5291,1134,2281,1
5292,273,372,1
5293,1747,2160,1
5294,1747,2434,1
5295,2009,2534,1
5296,785,1513,1
5297,1999,2515,1
5298,1999,2003,1
5299,2003,2515,1
5300,2003,1999,1
5301,2264,2519,1
5302,1385,1653,1
5303,1635,1706,1
5304,1873,1998,1
5305,280,10,1
5306,388,2590,1
5307,1981,2491,1
5308,2239,587,1
5309,2239,2507,1
5310,2239,2513,1
5311,2239,2413,1
5312,2239,2414,1
5313,371,2507,1
5314,1373,1366,1
5315,2373,2507,1
5316,2373,2413,1
5317,2373,2414,1
5318,2373,1366,1
5319,2373,2374,1
5320,2374,2507,1
5321,2374,2513,1
5322,2374,1366,1
5323,2374,2373,1
5324,1315,2595,1
5325,2452,2595,1
5326,2452,1315,1
5327,2562,2595,1
5328,1777,2064,1
5329,1802,2064,1
5330,1802,1777,1
5331,1937,1064,1
5332,952,1064,1
5333,1064,1937,1
5334,2538,2325,1
5335,2114,1923,1
5336,2124,1928,1
5337,2124,2114,1
5338,2553,1875,1
5339,2503,2358,1
5340,1511,1357,1
5341,990,1774,1
5342,2418,2141,1
5343,2418,2345,1
5344,873,920,1
5345,59,1709,1
5346,59,570,1
5347,59,872,1
5348,59,874,1
5349,2106,1750,1
5350,1629,796,1
5351,1874,1920,1
5352,2069,2434,1
5353,2088,2524,1
5354,2088,2525,1
5355,2088,2167,1
5356,2088,248,1
5357,2088,776,1
5358,248,419,1
5359,248,105,1
5360,260,619,1
5361,260,2524,1
5362,260,2166,1
5363,260,419,1
5364,260,2069,1
5365,261,626,1
5366,2579,2279,1
5367,2579,2336,1
5368,2599,2162,1
5369,1866,2272,1
5370,2116,2125,1
5371,1120,1677,1
5372,1120,2275,1
5373,1551,272,1
5374,1551,914,1
5375,2191,362,1
5376,2337,2218,1
5377,2337,2606,1
5378,2337,2610,1
5379,914,272,1
5380,1245,1243,1
5381,1929,2349,1
5382,571,2331,1
5383,571,424,1
5384,571,2495,1
5385,571,1762,1
5386,571,19,1
5387,571,2694,1
5388,2495,571,1
5389,2495,1762,1
5390,2495,2694,1
5391,1762,571,1
5392,1762,2694,1
5393,19,571,1
5394,2533,2517,1
5395,392,154,1
5396,1659,1652,1
5397,1659,1093,1
5398,1659,1094,1
5399,2085,1093,1
5400,2085,1094,1
5401,355,1093,1
5402,355,1094,1
5403,355,2068,1
5404,2228,1093,1
5405,2228,1094,1
5406,2228,2068,1
5407,2228,2085,1
5408,2694,2331,1
5409,617,226,1
5410,422,1691,1
5411,2142,2096,1
5412,1477,1252,1
5413,1485,1252,1
5414,2185,2109,1
5415,2117,2639,1
5416,1211,1247,1
5417,1884,745,1
5418,1884,1886,1
5419,1884,1902,1
5420,1885,745,1
5421,1885,1884,1
5422,1885,1886,1
5423,1885,1902,1
5424,1886,745,1
5425,1886,1902,1
5426,1887,2258,1
5427,1902,1887,1
5428,837,1686,1
