,node,label
0,0,0
1,1,1
2,2,2
3,3,2
4,4,3
5,5,3
6,6,4
7,7,0
8,8,0
9,9,4
10,10,0
11,11,5
12,12,3
13,13,6
14,14,0
15,15,0
16,16,2
17,17,0
18,18,0
19,19,0
20,20,4
21,21,2
22,22,5
23,23,3
24,24,2
25,25,4
26,26,0
27,27,3
28,28,0
29,29,1
30,30,6
31,31,0
32,32,6
33,33,0
34,34,2
35,35,2
36,36,0
37,37,2
38,38,5
39,39,2
40,40,4
41,41,3
42,42,5
43,43,0
44,44,6
45,45,2
46,46,0
47,47,6
48,48,3
49,49,6
50,50,6
51,51,3
52,52,4
53,53,5
54,54,4
55,55,5
56,56,4
57,57,2
58,58,0
59,59,0
60,60,2
61,61,6
62,62,3
63,63,2
64,64,6
65,65,5
66,66,6
67,67,3
68,68,0
69,69,6
70,70,4
71,71,3
72,72,0
73,73,2
74,74,3
75,75,6
76,76,3
77,77,0
78,78,4
79,79,4
80,80,0
81,81,3
82,82,2
83,83,0
84,84,3
85,85,2
86,86,1
87,87,1
88,88,4
89,89,4
90,90,0
91,91,0
92,92,2
93,93,3
94,94,3
95,95,3
96,96,6
97,97,0
98,98,4
99,99,3
100,100,5
101,101,0
102,102,0
103,103,2
104,104,0
105,105,3
106,106,1
107,107,3
108,108,3
109,109,4
110,110,0
111,111,0
112,112,0
113,113,0
114,114,4
115,115,3
116,116,6
117,117,3
118,118,2
119,119,1
120,120,5
121,121,0
122,122,0
123,123,0
124,124,0
125,125,0
126,126,3
127,127,0
128,128,2
129,129,5
130,130,4
131,131,3
132,132,2
133,133,0
134,134,0
135,135,1
136,136,1
137,137,3
138,138,3
139,139,5
140,140,4
141,141,5
142,142,0
143,143,0
144,144,0
145,145,5
146,146,0
147,147,6
148,148,2
149,149,6
150,150,6
151,151,4
152,152,0
153,153,0
154,154,0
155,155,3
156,156,1
157,157,4
158,158,1
159,159,4
160,160,0
161,161,3
162,162,2
163,163,5
164,164,4
165,165,1
166,166,6
167,167,2
168,168,5
169,169,0
170,170,3
171,171,4
172,172,6
173,173,2
174,174,0
175,175,0
176,176,1
177,177,4
178,178,1
179,179,0
180,180,0
181,181,4
182,182,3
183,183,6
184,184,1
185,185,3
186,186,2
187,187,0
188,188,5
189,189,5
190,190,0
191,191,5
192,192,0
193,193,0
194,194,0
195,195,1
196,196,1
197,197,2
198,198,0
199,199,4
200,200,0
201,201,0
202,202,0
203,203,0
204,204,0
205,205,0
206,206,0
207,207,0
208,208,4
209,209,5
210,210,2
211,211,3
212,212,0
213,213,2
214,214,0
215,215,6
216,216,1
217,217,0
218,218,3
219,219,5
220,220,2
221,221,6
222,222,6
223,223,1
224,224,1
225,225,6
226,226,0
227,227,4
228,228,5
229,229,0
230,230,0
231,231,6
232,232,0
233,233,0
234,234,0
235,235,0
236,236,6
237,237,5
238,238,0
239,239,2
240,240,5
241,241,0
242,242,4
243,243,5
244,244,0
245,245,6
246,246,3
247,247,2
248,248,3
249,249,1
250,250,3
251,251,4
252,252,2
253,253,0
254,254,0
255,255,4
256,256,6
257,257,0
258,258,0
259,259,6
260,260,3
261,261,0
262,262,6
263,263,0
264,264,4
265,265,5
266,266,6
267,267,4
268,268,0
269,269,0
270,270,3
271,271,0
272,272,0
273,273,5
274,274,2
275,275,3
276,276,3
277,277,2
278,278,3
279,279,3
280,280,3
281,281,2
282,282,0
283,283,0
284,284,6
285,285,6
286,286,1
287,287,4
288,288,6
289,289,6
290,290,5
291,291,0
292,292,3
293,293,0
294,294,2
295,295,2
296,296,4
297,297,0
298,298,2
299,299,4
300,300,6
301,301,0
302,302,1
303,303,6
304,304,0
305,305,2
306,306,2
307,307,1
308,308,4
309,309,5
310,310,0
311,311,0
312,312,3
313,313,6
314,314,1
315,315,0
316,316,1
317,317,4
318,318,6
319,319,4
320,320,0
321,321,2
322,322,4
323,323,4
324,324,3
325,325,3
326,326,3
327,327,3
328,328,0
329,329,5
330,330,0
331,331,0
332,332,3
333,333,2
334,334,4
335,335,1
336,336,0
337,337,0
338,338,0
339,339,3
340,340,0
341,341,0
342,342,3
343,343,5
344,344,1
345,345,3
346,346,0
347,347,3
348,348,1
349,349,0
350,350,0
351,351,0
352,352,3
353,353,0
354,354,0
355,355,0
356,356,0
357,357,5
358,358,3
359,359,0
360,360,0
361,361,5
362,362,0
363,363,0
364,364,0
365,365,0
366,366,0
367,367,2
368,368,0
369,369,0
370,370,2
371,371,3
372,372,5
373,373,1
374,374,2
375,375,4
376,376,3
377,377,0
378,378,4
379,379,1
380,380,5
381,381,4
382,382,4
383,383,0
384,384,0
385,385,2
386,386,0
387,387,0
388,388,0
389,389,3
390,390,5
391,391,0
392,392,3
393,393,0
394,394,0
395,395,5
396,396,1
397,397,0
398,398,3
399,399,0
400,400,4
401,401,3
402,402,5
403,403,5
404,404,0
405,405,0
406,406,0
407,407,0
408,408,0
409,409,0
410,410,2
411,411,0
412,412,2
413,413,0
414,414,6
415,415,5
416,416,3
417,417,1
418,418,4
419,419,3
420,420,0
421,421,4
422,422,5
423,423,3
424,424,4
425,425,2
426,426,1
427,427,0
428,428,1
429,429,3
430,430,4
431,431,4
432,432,1
433,433,1
434,434,6
435,435,0
436,436,4
437,437,0
438,438,4
439,439,0
440,440,2
441,441,6
442,442,3
443,443,0
444,444,0
445,445,6
446,446,2
447,447,0
448,448,5
449,449,6
450,450,3
451,451,2
452,452,3
453,453,4
454,454,6
455,455,2
456,456,4
457,457,6
458,458,0
459,459,4
460,460,2
461,461,0
462,462,0
463,463,2
464,464,3
465,465,2
466,466,2
467,467,3
468,468,3
469,469,0
470,470,6
471,471,2
472,472,2
473,473,2
474,474,0
475,475,5
476,476,0
477,477,2
478,478,6
479,479,6
480,480,0
481,481,4
482,482,6
483,483,2
484,484,3
485,485,3
486,486,6
487,487,0
488,488,4
489,489,0
490,490,2
491,491,3
492,492,2
493,493,5
494,494,0
495,495,3
496,496,0
497,497,4
498,498,3
499,499,3
500,500,2
501,501,0
502,502,2
503,503,0
504,504,0
505,505,0
506,506,2
507,507,4
508,508,4
509,509,1
510,510,3
511,511,3
512,512,0
513,513,3
514,514,4
515,515,3
516,516,0
517,517,4
518,518,4
519,519,0
520,520,0
521,521,1
522,522,4
523,523,5
524,524,0
525,525,4
526,526,0
527,527,0
528,528,0
529,529,0
530,530,5
531,531,0
532,532,3
533,533,3
534,534,6
535,535,4
536,536,0
537,537,5
538,538,5
539,539,6
540,540,6
541,541,6
542,542,0
543,543,6
544,544,0
545,545,0
546,546,5
547,547,0
548,548,2
549,549,4
550,550,4
551,551,2
552,552,2
553,553,0
554,554,2
555,555,4
556,556,4
557,557,3
558,558,3
559,559,2
560,560,4
561,561,0
562,562,2
563,563,2
564,564,2
565,565,2
566,566,2
567,567,2
568,568,2
569,569,4
570,570,0
571,571,4
572,572,0
573,573,3
574,574,4
575,575,2
576,576,0
577,577,3
578,578,6
579,579,0
580,580,6
581,581,6
582,582,6
583,583,6
584,584,3
585,585,1
586,586,0
587,587,0
588,588,2
589,589,0
590,590,0
591,591,4
592,592,0
593,593,6
594,594,6
595,595,0
596,596,4
597,597,1
598,598,1
599,599,0
600,600,0
601,601,2
602,602,5
603,603,6
604,604,0
605,605,0
606,606,5
607,607,0
608,608,0
609,609,0
610,610,0
611,611,0
612,612,6
613,613,0
614,614,4
615,615,4
616,616,0
617,617,0
618,618,4
619,619,3
620,620,0
621,621,2
622,622,0
623,623,3
624,624,4
625,625,0
626,626,0
627,627,0
628,628,0
629,629,6
630,630,0
631,631,0
632,632,3
633,633,2
634,634,6
635,635,4
636,636,2
637,637,3
638,638,4
639,639,3
640,640,4
641,641,3
642,642,3
643,643,6
644,644,2
645,645,3
646,646,3
647,647,3
648,648,0
649,649,6
650,650,2
651,651,0
652,652,1
653,653,2
654,654,1
655,655,0
656,656,2
657,657,2
658,658,5
659,659,0
660,660,4
661,661,3
662,662,0
663,663,0
664,664,0
665,665,0
666,666,0
667,667,0
668,668,0
669,669,1
670,670,6
671,671,2
672,672,4
673,673,0
674,674,0
675,675,1
676,676,0
677,677,0
678,678,0
679,679,6
680,680,0
681,681,5
682,682,2
683,683,6
684,684,3
685,685,0
686,686,6
687,687,0
688,688,2
689,689,5
690,690,6
691,691,2
692,692,4
693,693,0
694,694,0
695,695,4
696,696,0
697,697,3
698,698,0
699,699,2
700,700,4
701,701,0
702,702,0
703,703,0
704,704,3
705,705,0
706,706,4
707,707,1
708,708,0
709,709,0
710,710,4
711,711,3
712,712,5
713,713,3
714,714,5
715,715,3
716,716,0
717,717,5
718,718,0
719,719,0
720,720,0
721,721,5
722,722,4
723,723,3
724,724,0
725,725,3
726,726,0
727,727,5
728,728,5
729,729,3
730,730,0
731,731,0
732,732,4
733,733,2
734,734,2
735,735,1
736,736,0
737,737,0
738,738,2
739,739,2
740,740,4
741,741,0
742,742,3
743,743,5
744,744,5
745,745,0
746,746,0
747,747,0
748,748,3
749,749,2
750,750,2
751,751,0
752,752,6
753,753,0
754,754,0
755,755,5
756,756,1
757,757,5
758,758,5
759,759,3
760,760,6
761,761,4
762,762,4
763,763,0
764,764,5
765,765,5
766,766,0
767,767,4
768,768,3
769,769,5
770,770,0
771,771,0
772,772,3
773,773,2
774,774,0
775,775,2
776,776,3
777,777,3
778,778,4
779,779,0
780,780,5
781,781,5
782,782,0
783,783,6
784,784,0
785,785,6
786,786,4
787,787,3
788,788,3
789,789,5
790,790,4
791,791,4
792,792,4
793,793,5
794,794,4
795,795,4
796,796,0
797,797,0
798,798,4
799,799,6
800,800,5
801,801,6
802,802,3
803,803,5
804,804,2
805,805,0
806,806,6
807,807,2
808,808,0
809,809,0
810,810,0
811,811,5
812,812,0
813,813,5
814,814,0
815,815,5
816,816,0
817,817,6
818,818,6
819,819,6
820,820,0
821,821,0
822,822,4
823,823,0
824,824,6
825,825,6
826,826,0
827,827,3
828,828,0
829,829,0
830,830,0
831,831,6
832,832,0
833,833,5
834,834,0
835,835,6
836,836,4
837,837,1
838,838,3
839,839,0
840,840,0
841,841,3
842,842,2
843,843,2
844,844,5
845,845,0
846,846,5
847,847,4
848,848,4
849,849,1
850,850,3
851,851,3
852,852,3
853,853,4
854,854,5
855,855,3
856,856,5
857,857,6
858,858,6
859,859,4
860,860,5
861,861,4
862,862,6
863,863,0
864,864,0
865,865,4
866,866,0
867,867,0
868,868,2
869,869,3
870,870,2
871,871,3
872,872,0
873,873,0
874,874,0
875,875,2
876,876,4
877,877,1
878,878,0
879,879,2
880,880,5
881,881,0
882,882,2
883,883,6
884,884,4
885,885,4
886,886,0
887,887,4
888,888,3
889,889,3
890,890,0
891,891,3
892,892,3
893,893,1
894,894,3
895,895,3
896,896,3
897,897,3
898,898,3
899,899,0
900,900,5
901,901,6
902,902,5
903,903,4
904,904,3
905,905,3
906,906,0
907,907,0
908,908,0
909,909,3
910,910,5
911,911,4
912,912,0
913,913,3
914,914,0
915,915,3
916,916,0
917,917,3
918,918,0
919,919,0
920,920,0
921,921,0
922,922,6
923,923,6
924,924,4
925,925,0
926,926,4
927,927,6
928,928,6
929,929,3
930,930,0
931,931,4
932,932,4
933,933,2
934,934,5
935,935,5
936,936,2
937,937,6
938,938,5
939,939,0
940,940,5
941,941,5
942,942,5
943,943,5
944,944,3
945,945,3
946,946,0
947,947,6
948,948,0
949,949,0
950,950,3
951,951,6
952,952,3
953,953,5
954,954,3
955,955,4
956,956,5
957,957,4
958,958,5
959,959,5
960,960,1
961,961,5
962,962,0
963,963,1
964,964,5
965,965,5
966,966,5
967,967,4
968,968,0
969,969,3
970,970,5
971,971,3
972,972,5
973,973,3
974,974,5
975,975,0
976,976,3
977,977,4
978,978,0
979,979,0
980,980,0
981,981,6
982,982,5
983,983,6
984,984,6
985,985,3
986,986,6
987,987,3
988,988,2
989,989,0
990,990,0
991,991,6
992,992,6
993,993,3
994,994,6
995,995,5
996,996,3
997,997,1
998,998,3
999,999,3
1000,1000,4
1001,1001,6
1002,1002,6
1003,1003,4
1004,1004,4
1005,1005,0
1006,1006,4
1007,1007,1
1008,1008,1
1009,1009,5
1010,1010,1
1011,1011,1
1012,1012,2
1013,1013,3
1014,1014,0
1015,1015,3
1016,1016,5
1017,1017,0
1018,1018,5
1019,1019,4
1020,1020,3
1021,1021,0
1022,1022,0
1023,1023,0
1024,1024,4
1025,1025,4
1026,1026,4
1027,1027,4
1028,1028,0
1029,1029,3
1030,1030,5
1031,1031,0
1032,1032,4
1033,1033,6
1034,1034,5
1035,1035,5
1036,1036,5
1037,1037,0
1038,1038,0
1039,1039,6
1040,1040,6
1041,1041,0
1042,1042,0
1043,1043,0
1044,1044,0
1045,1045,2
1046,1046,6
1047,1047,6
1048,1048,6
1049,1049,1
1050,1050,4
1051,1051,0
1052,1052,0
1053,1053,4
1054,1054,5
1055,1055,0
1056,1056,0
1057,1057,0
1058,1058,0
1059,1059,0
1060,1060,5
1061,1061,1
1062,1062,4
1063,1063,5
1064,1064,3
1065,1065,5
1066,1066,0
1067,1067,0
1068,1068,0
1069,1069,5
1070,1070,5
1071,1071,1
1072,1072,0
1073,1073,1
1074,1074,4
1075,1075,0
1076,1076,3
1077,1077,5
1078,1078,3
1079,1079,0
1080,1080,0
1081,1081,1
1082,1082,1
1083,1083,3
1084,1084,6
1085,1085,1
1086,1086,3
1087,1087,3
1088,1088,0
1089,1089,6
1090,1090,0
1091,1091,0
1092,1092,4
1093,1093,0
1094,1094,0
1095,1095,4
1096,1096,5
1097,1097,3
1098,1098,5
1099,1099,5
1100,1100,0
1101,1101,6
1102,1102,1
1103,1103,0
1104,1104,4
1105,1105,4
1106,1106,5
1107,1107,6
1108,1108,3
1109,1109,4
1110,1110,5
1111,1111,6
1112,1112,0
1113,1113,5
1114,1114,5
1115,1115,0
1116,1116,0
1117,1117,5
1118,1118,0
1119,1119,0
1120,1120,0
1121,1121,6
1122,1122,6
1123,1123,6
1124,1124,4
1125,1125,6
1126,1126,6
1127,1127,5
1128,1128,3
1129,1129,0
1130,1130,5
1131,1131,5
1132,1132,4
1133,1133,3
1134,1134,5
1135,1135,4
1136,1136,5
1137,1137,2
1138,1138,6
1139,1139,5
1140,1140,5
1141,1141,3
1142,1142,5
1143,1143,5
1144,1144,0
1145,1145,0
1146,1146,0
1147,1147,3
1148,1148,6
1149,1149,0
1150,1150,0
1151,1151,1
1152,1152,6
1153,1153,5
1154,1154,6
1155,1155,6
1156,1156,3
1157,1157,0
1158,1158,3
1159,1159,5
1160,1160,4
1161,1161,4
1162,1162,3
1163,1163,6
1164,1164,4
1165,1165,1
1166,1166,4
1167,1167,5
1168,1168,3
1169,1169,0
1170,1170,4
1171,1171,0
1172,1172,3
1173,1173,4
1174,1174,4
1175,1175,5
1176,1176,0
1177,1177,1
1178,1178,5
1179,1179,0
1180,1180,1
1181,1181,4
1182,1182,1
1183,1183,2
1184,1184,5
1185,1185,4
1186,1186,3
1187,1187,4
1188,1188,0
1189,1189,4
1190,1190,0
1191,1191,4
1192,1192,2
1193,1193,2
1194,1194,6
1195,1195,0
1196,1196,0
1197,1197,4
1198,1198,4
1199,1199,4
1200,1200,0
1201,1201,3
1202,1202,2
1203,1203,0
1204,1204,5
1205,1205,5
1206,1206,5
1207,1207,5
1208,1208,1
1209,1209,6
1210,1210,6
1211,1211,0
1212,1212,6
1213,1213,2
1214,1214,6
1215,1215,6
1216,1216,5
1217,1217,2
1218,1218,5
1219,1219,5
1220,1220,0
1221,1221,5
1222,1222,0
1223,1223,4
1224,1224,5
1225,1225,5
1226,1226,1
1227,1227,4
1228,1228,2
1229,1229,0
1230,1230,5
1231,1231,5
1232,1232,5
1233,1233,6
1234,1234,1
1235,1235,4
1236,1236,4
1237,1237,4
1238,1238,4
1239,1239,0
1240,1240,3
1241,1241,3
1242,1242,0
1243,1243,0
1244,1244,1
1245,1245,0
1246,1246,0
1247,1247,0
1248,1248,6
1249,1249,5
1250,1250,0
1251,1251,0
1252,1252,0
1253,1253,2
1254,1254,0
1255,1255,3
1256,1256,1
1257,1257,5
1258,1258,0
1259,1259,1
1260,1260,4
1261,1261,5
1262,1262,0
1263,1263,6
1264,1264,5
1265,1265,0
1266,1266,0
1267,1267,4
1268,1268,3
1269,1269,4
1270,1270,4
1271,1271,1
1272,1272,0
1273,1273,4
1274,1274,5
1275,1275,1
1276,1276,3
1277,1277,5
1278,1278,6
1279,1279,5
1280,1280,4
1281,1281,0
1282,1282,0
1283,1283,0
1284,1284,0
1285,1285,0
1286,1286,5
1287,1287,3
1288,1288,3
1289,1289,0
1290,1290,4
1291,1291,3
1292,1292,1
1293,1293,0
1294,1294,3
1295,1295,0
1296,1296,4
1297,1297,1
1298,1298,0
1299,1299,5
1300,1300,0
1301,1301,1
1302,1302,6
1303,1303,5
1304,1304,6
1305,1305,5
1306,1306,4
1307,1307,0
1308,1308,3
1309,1309,4
1310,1310,4
1311,1311,5
1312,1312,1
1313,1313,0
1314,1314,2
1315,1315,0
1316,1316,2
1317,1317,6
1318,1318,0
1319,1319,5
1320,1320,0
1321,1321,0
1322,1322,4
1323,1323,0
1324,1324,3
1325,1325,5
1326,1326,3
1327,1327,1
1328,1328,0
1329,1329,4
1330,1330,5
1331,1331,5
1332,1332,5
1333,1333,5
1334,1334,5
1335,1335,3
1336,1336,3
1337,1337,4
1338,1338,3
1339,1339,4
1340,1340,0
1341,1341,0
1342,1342,0
1343,1343,4
1344,1344,6
1345,1345,6
1346,1346,0
1347,1347,3
1348,1348,6
1349,1349,2
1350,1350,6
1351,1351,5
1352,1352,0
1353,1353,5
1354,1354,6
1355,1355,6
1356,1356,0
1357,1357,3
1358,1358,4
1359,1359,0
1360,1360,4
1361,1361,4
1362,1362,5
1363,1363,4
1364,1364,4
1365,1365,0
1366,1366,0
1367,1367,6
1368,1368,6
1369,1369,5
1370,1370,1
1371,1371,5
1372,1372,3
1373,1373,0
1374,1374,0
1375,1375,3
1376,1376,2
1377,1377,6
1378,1378,2
1379,1379,5
1380,1380,5
1381,1381,3
1382,1382,0
1383,1383,0
1384,1384,0
1385,1385,6
1386,1386,4
1387,1387,0
1388,1388,4
1389,1389,0
1390,1390,4
1391,1391,5
1392,1392,5
1393,1393,3
1394,1394,0
1395,1395,5
1396,1396,5
1397,1397,3
1398,1398,0
1399,1399,0
1400,1400,4
1401,1401,6
1402,1402,0
1403,1403,3
1404,1404,5
1405,1405,0
1406,1406,0
1407,1407,6
1408,1408,5
1409,1409,5
1410,1410,5
1411,1411,0
1412,1412,6
1413,1413,6
1414,1414,3
1415,1415,3
1416,1416,6
1417,1417,0
1418,1418,0
1419,1419,3
1420,1420,6
1421,1421,0
1422,1422,0
1423,1423,0
1424,1424,5
1425,1425,3
1426,1426,6
1427,1427,3
1428,1428,1
1429,1429,1
1430,1430,0
1431,1431,0
1432,1432,5
1433,1433,4
1434,1434,1
1435,1435,0
1436,1436,3
1437,1437,3
1438,1438,2
1439,1439,5
1440,1440,2
1441,1441,5
1442,1442,1
1443,1443,2
1444,1444,4
1445,1445,1
1446,1446,0
1447,1447,2
1448,1448,6
1449,1449,4
1450,1450,0
1451,1451,0
1452,1452,0
1453,1453,6
1454,1454,0
1455,1455,5
1456,1456,4
1457,1457,0
1458,1458,3
1459,1459,2
1460,1460,4
1461,1461,0
1462,1462,0
1463,1463,3
1464,1464,0
1465,1465,6
1466,1466,5
1467,1467,5
1468,1468,4
1469,1469,4
1470,1470,0
1471,1471,0
1472,1472,0
1473,1473,5
1474,1474,5
1475,1475,6
1476,1476,5
1477,1477,0
1478,1478,3
1479,1479,3
1480,1480,0
1481,1481,5
1482,1482,4
1483,1483,6
1484,1484,4
1485,1485,0
1486,1486,1
1487,1487,0
1488,1488,0
1489,1489,1
1490,1490,0
1491,1491,4
1492,1492,4
1493,1493,0
1494,1494,0
1495,1495,5
1496,1496,6
1497,1497,6
1498,1498,6
1499,1499,0
1500,1500,4
1501,1501,0
1502,1502,3
1503,1503,3
1504,1504,3
1505,1505,4
1506,1506,3
1507,1507,3
1508,1508,0
1509,1509,0
1510,1510,4
1511,1511,0
1512,1512,3
1513,1513,6
1514,1514,4
1515,1515,2
1516,1516,5
1517,1517,0
1518,1518,5
1519,1519,1
1520,1520,0
1521,1521,4
1522,1522,4
1523,1523,5
1524,1524,0
1525,1525,3
1526,1526,0
1527,1527,3
1528,1528,1
1529,1529,2
1530,1530,5
1531,1531,6
1532,1532,3
1533,1533,5
1534,1534,6
1535,1535,6
1536,1536,5
1537,1537,6
1538,1538,0
1539,1539,1
1540,1540,2
1541,1541,5
1542,1542,6
1543,1543,3
1544,1544,5
1545,1545,3
1546,1546,2
1547,1547,0
1548,1548,3
1549,1549,3
1550,1550,4
1551,1551,0
1552,1552,6
1553,1553,6
1554,1554,6
1555,1555,3
1556,1556,6
1557,1557,2
1558,1558,5
1559,1559,0
1560,1560,2
1561,1561,4
1562,1562,0
1563,1563,5
1564,1564,0
1565,1565,5
1566,1566,4
1567,1567,4
1568,1568,6
1569,1569,1
1570,1570,6
1571,1571,5
1572,1572,5
1573,1573,2
1574,1574,6
1575,1575,5
1576,1576,4
1577,1577,5
1578,1578,1
1579,1579,0
1580,1580,5
1581,1581,2
1582,1582,3
1583,1583,0
1584,1584,6
1585,1585,2
1586,1586,4
1587,1587,1
1588,1588,5
1589,1589,2
1590,1590,5
1591,1591,0
1592,1592,0
1593,1593,3
1594,1594,5
1595,1595,4
1596,1596,1
1597,1597,6
1598,1598,5
1599,1599,2
1600,1600,0
1601,1601,0
1602,1602,3
1603,1603,5
1604,1604,0
1605,1605,4
1606,1606,0
1607,1607,4
1608,1608,3
1609,1609,1
1610,1610,0
1611,1611,5
1612,1612,0
1613,1613,3
1614,1614,3
1615,1615,0
1616,1616,2
1617,1617,6
1618,1618,4
1619,1619,3
1620,1620,1
1621,1621,6
1622,1622,1
1623,1623,0
1624,1624,3
1625,1625,2
1626,1626,6
1627,1627,1
1628,1628,5
1629,1629,0
1630,1630,0
1631,1631,5
1632,1632,2
1633,1633,0
1634,1634,0
1635,1635,6
1636,1636,6
1637,1637,0
1638,1638,5
1639,1639,0
1640,1640,6
1641,1641,3
1642,1642,6
1643,1643,2
1644,1644,0
1645,1645,0
1646,1646,5
1647,1647,4
1648,1648,6
1649,1649,2
1650,1650,5
1651,1651,1
1652,1652,0
1653,1653,6
1654,1654,3
1655,1655,0
1656,1656,0
1657,1657,0
1658,1658,4
1659,1659,0
1660,1660,3
1661,1661,4
1662,1662,5
1663,1663,5
1664,1664,0
1665,1665,6
1666,1666,3
1667,1667,0
1668,1668,0
1669,1669,4
1670,1670,5
1671,1671,4
1672,1672,0
1673,1673,5
1674,1674,6
1675,1675,5
1676,1676,0
1677,1677,0
1678,1678,4
1679,1679,1
1680,1680,6
1681,1681,3
1682,1682,3
1683,1683,4
1684,1684,1
1685,1685,5
1686,1686,1
1687,1687,2
1688,1688,5
1689,1689,5
1690,1690,5
1691,1691,5
1692,1692,4
1693,1693,2
1694,1694,5
1695,1695,6
1696,1696,5
1697,1697,0
1698,1698,6
1699,1699,6
1700,1700,0
1701,1701,0
1702,1702,4
1703,1703,2
1704,1704,0
1705,1705,4
1706,1706,6
1707,1707,6
1708,1708,4
1709,1709,0
1710,1710,0
1711,1711,2
1712,1712,4
1713,1713,3
1714,1714,3
1715,1715,5
1716,1716,3
1717,1717,5
1718,1718,0
1719,1719,5
1720,1720,1
1721,1721,1
1722,1722,3
1723,1723,3
1724,1724,0
1725,1725,0
1726,1726,1
1727,1727,4
1728,1728,5
1729,1729,5
1730,1730,5
1731,1731,3
1732,1732,0
1733,1733,3
1734,1734,5
1735,1735,6
1736,1736,5
1737,1737,5
1738,1738,5
1739,1739,4
1740,1740,5
1741,1741,2
1742,1742,3
1743,1743,5
1744,1744,0
1745,1745,5
1746,1746,0
1747,1747,3
1748,1748,4
1749,1749,3
1750,1750,1
1751,1751,0
1752,1752,6
1753,1753,0
1754,1754,2
1755,1755,0
1756,1756,5
1757,1757,3
1758,1758,2
1759,1759,3
1760,1760,0
1761,1761,3
1762,1762,4
1763,1763,0
1764,1764,3
1765,1765,3
1766,1766,0
1767,1767,2
1768,1768,2
1769,1769,5
1770,1770,0
1771,1771,5
1772,1772,0
1773,1773,0
1774,1774,0
1775,1775,5
1776,1776,1
1777,1777,3
1778,1778,0
1779,1779,2
1780,1780,2
1781,1781,1
1782,1782,2
1783,1783,3
1784,1784,5
1785,1785,5
1786,1786,4
1787,1787,0
1788,1788,0
1789,1789,0
1790,1790,5
1791,1791,2
1792,1792,4
1793,1793,0
1794,1794,0
1795,1795,0
1796,1796,5
1797,1797,5
1798,1798,0
1799,1799,5
1800,1800,3
1801,1801,0
1802,1802,3
1803,1803,3
1804,1804,6
1805,1805,6
1806,1806,0
1807,1807,5
1808,1808,4
1809,1809,6
1810,1810,0
1811,1811,0
1812,1812,0
1813,1813,0
1814,1814,0
1815,1815,0
1816,1816,2
1817,1817,0
1818,1818,0
1819,1819,1
1820,1820,0
1821,1821,0
1822,1822,0
1823,1823,4
1824,1824,4
1825,1825,0
1826,1826,5
1827,1827,4
1828,1828,2
1829,1829,3
1830,1830,6
1831,1831,5
1832,1832,5
1833,1833,4
1834,1834,5
1835,1835,4
1836,1836,5
1837,1837,1
1838,1838,3
1839,1839,5
1840,1840,5
1841,1841,2
1842,1842,3
1843,1843,6
1844,1844,2
1845,1845,2
1846,1846,0
1847,1847,0
1848,1848,4
1849,1849,1
1850,1850,5
1851,1851,0
1852,1852,3
1853,1853,4
1854,1854,6
1855,1855,6
1856,1856,3
1857,1857,3
1858,1858,4
1859,1859,2
1860,1860,6
1861,1861,4
1862,1862,4
1863,1863,4
1864,1864,6
1865,1865,0
1866,1866,0
1867,1867,0
1868,1868,3
1869,1869,0
1870,1870,3
1871,1871,0
1872,1872,5
1873,1873,0
1874,1874,0
1875,1875,4
1876,1876,3
1877,1877,6
1878,1878,5
1879,1879,0
1880,1880,5
1881,1881,1
1882,1882,6
1883,1883,5
1884,1884,0
1885,1885,0
1886,1886,0
1887,1887,0
1888,1888,4
1889,1889,0
1890,1890,5
1891,1891,0
1892,1892,6
1893,1893,0
1894,1894,3
1895,1895,0
1896,1896,0
1897,1897,4
1898,1898,3
1899,1899,3
1900,1900,3
1901,1901,3
1902,1902,0
1903,1903,0
1904,1904,6
1905,1905,5
1906,1906,3
1907,1907,3
1908,1908,3
1909,1909,3
1910,1910,3
1911,1911,5
1912,1912,0
1913,1913,3
1914,1914,0
1915,1915,0
1916,1916,0
1917,1917,5
1918,1918,4
1919,1919,1
1920,1920,0
1921,1921,5
1922,1922,3
1923,1923,0
1924,1924,4
1925,1925,5
1926,1926,3
1927,1927,0
1928,1928,0
1929,1929,0
1930,1930,5
1931,1931,5
1932,1932,0
1933,1933,3
1934,1934,3
1935,1935,0
1936,1936,5
1937,1937,3
1938,1938,3
1939,1939,0
1940,1940,5
1941,1941,3
1942,1942,3
1943,1943,5
1944,1944,1
1945,1945,3
1946,1946,5
1947,1947,0
1948,1948,0
1949,1949,0
1950,1950,5
1951,1951,6
1952,1952,0
1953,1953,0
1954,1954,2
1955,1955,1
1956,1956,1
1957,1957,2
1958,1958,5
1959,1959,5
1960,1960,0
1961,1961,1
1962,1962,4
1963,1963,1
1964,1964,4
1965,1965,5
1966,1966,0
1967,1967,4
1968,1968,0
1969,1969,2
1970,1970,0
1971,1971,5
1972,1972,3
1973,1973,5
1974,1974,0
1975,1975,2
1976,1976,6
1977,1977,3
1978,1978,3
1979,1979,2
1980,1980,5
1981,1981,0
1982,1982,3
1983,1983,3
1984,1984,5
1985,1985,5
1986,1986,4
1987,1987,6
1988,1988,3
1989,1989,6
1990,1990,0
1991,1991,3
1992,1992,3
1993,1993,3
1994,1994,3
1995,1995,3
1996,1996,0
1997,1997,0
1998,1998,0
1999,1999,5
2000,2000,3
2001,2001,5
2002,2002,3
2003,2003,5
2004,2004,4
2005,2005,4
2006,2006,4
2007,2007,2
2008,2008,3
2009,2009,1
2010,2010,6
2011,2011,4
2012,2012,4
2013,2013,0
2014,2014,2
2015,2015,4
2016,2016,3
2017,2017,3
2018,2018,2
2019,2019,0
2020,2020,0
2021,2021,0
2022,2022,3
2023,2023,0
2024,2024,0
2025,2025,3
2026,2026,0
2027,2027,2
2028,2028,4
2029,2029,0
2030,2030,5
2031,2031,4
2032,2032,1
2033,2033,0
2034,2034,3
2035,2035,6
2036,2036,4
2037,2037,6
2038,2038,6
2039,2039,5
2040,2040,4
2041,2041,0
2042,2042,0
2043,2043,0
2044,2044,0
2045,2045,1
2046,2046,0
2047,2047,5
2048,2048,6
2049,2049,0
2050,2050,0
2051,2051,2
2052,2052,6
2053,2053,4
2054,2054,4
2055,2055,5
2056,2056,0
2057,2057,6
2058,2058,5
2059,2059,4
2060,2060,6
2061,2061,6
2062,2062,6
2063,2063,3
2064,2064,3
2065,2065,5
2066,2066,4
2067,2067,4
2068,2068,0
2069,2069,3
2070,2070,1
2071,2071,6
2072,2072,0
2073,2073,4
2074,2074,6
2075,2075,6
2076,2076,3
2077,2077,5
2078,2078,3
2079,2079,1
2080,2080,4
2081,2081,3
2082,2082,5
2083,2083,0
2084,2084,0
2085,2085,0
2086,2086,5
2087,2087,5
2088,2088,3
2089,2089,5
2090,2090,0
2091,2091,6
2092,2092,4
2093,2093,0
2094,2094,3
2095,2095,0
2096,2096,1
2097,2097,3
2098,2098,4
2099,2099,4
2100,2100,1
2101,2101,5
2102,2102,5
2103,2103,5
2104,2104,5
2105,2105,0
2106,2106,1
2107,2107,0
2108,2108,3
2109,2109,0
2110,2110,4
2111,2111,5
2112,2112,0
2113,2113,4
2114,2114,3
2115,2115,3
2116,2116,5
2117,2117,0
2118,2118,2
2119,2119,0
2120,2120,0
2121,2121,0
2122,2122,6
2123,2123,6
2124,2124,0
2125,2125,0
2126,2126,1
2127,2127,3
2128,2128,6
2129,2129,0
2130,2130,5
2131,2131,6
2132,2132,1
2133,2133,5
2134,2134,4
2135,2135,0
2136,2136,3
2137,2137,6
2138,2138,3
2139,2139,5
2140,2140,3
2141,2141,4
2142,2142,1
2143,2143,0
2144,2144,3
2145,2145,4
2146,2146,4
2147,2147,0
2148,2148,3
2149,2149,1
2150,2150,2
2151,2151,6
2152,2152,5
2153,2153,3
2154,2154,0
2155,2155,0
2156,2156,4
2157,2157,6
2158,2158,1
2159,2159,3
2160,2160,3
2161,2161,3
2162,2162,0
2163,2163,1
2164,2164,3
2165,2165,5
2166,2166,3
2167,2167,3
2168,2168,4
2169,2169,3
2170,2170,5
2171,2171,1
2172,2172,4
2173,2173,5
2174,2174,2
2175,2175,5
2176,2176,0
2177,2177,5
2178,2178,0
2179,2179,2
2180,2180,4
2181,2181,0
2182,2182,4
2183,2183,2
2184,2184,6
2185,2185,0
2186,2186,0
2187,2187,0
2188,2188,1
2189,2189,1
2190,2190,1
2191,2191,0
2192,2192,5
2193,2193,5
2194,2194,1
2195,2195,1
2196,2196,5
2197,2197,4
2198,2198,4
2199,2199,5
2200,2200,5
2201,2201,0
2202,2202,5
2203,2203,0
2204,2204,5
2205,2205,5
2206,2206,5
2207,2207,2
2208,2208,3
2209,2209,2
2210,2210,4
2211,2211,5
2212,2212,0
2213,2213,1
2214,2214,0
2215,2215,6
2216,2216,5
2217,2217,1
2218,2218,0
2219,2219,3
2220,2220,5
2221,2221,3
2222,2222,2
2223,2223,0
2224,2224,0
2225,2225,4
2226,2226,5
2227,2227,0
2228,2228,0
2229,2229,1
2230,2230,0
2231,2231,6
2232,2232,5
2233,2233,0
2234,2234,3
2235,2235,3
2236,2236,0
2237,2237,5
2238,2238,5
2239,2239,0
2240,2240,1
2241,2241,3
2242,2242,3
2243,2243,0
2244,2244,6
2245,2245,6
2246,2246,4
2247,2247,0
2248,2248,5
2249,2249,5
2250,2250,5
2251,2251,5
2252,2252,5
2253,2253,1
2254,2254,5
2255,2255,5
2256,2256,0
2257,2257,5
2258,2258,0
2259,2259,5
2260,2260,0
2261,2261,5
2262,2262,0
2263,2263,0
2264,2264,5
2265,2265,5
2266,2266,3
2267,2267,5
2268,2268,0
2269,2269,5
2270,2270,0
2271,2271,5
2272,2272,0
2273,2273,4
2274,2274,5
2275,2275,0
2276,2276,6
2277,2277,5
2278,2278,0
2279,2279,0
2280,2280,5
2281,2281,0
2282,2282,1
2283,2283,0
2284,2284,0
2285,2285,3
2286,2286,5
2287,2287,3
2288,2288,3
2289,2289,6
2290,2290,1
2291,2291,1
2292,2292,3
2293,2293,3
2294,2294,6
2295,2295,5
2296,2296,5
2297,2297,4
2298,2298,5
2299,2299,6
2300,2300,1
2301,2301,3
2302,2302,5
2303,2303,6
2304,2304,0
2305,2305,2
2306,2306,0
2307,2307,0
2308,2308,6
2309,2309,2
2310,2310,6
2311,2311,3
2312,2312,1
2313,2313,3
2314,2314,0
2315,2315,4
2316,2316,5
2317,2317,5
2318,2318,3
2319,2319,6
2320,2320,4
2321,2321,0
2322,2322,0
2323,2323,3
2324,2324,4
2325,2325,0
2326,2326,4
2327,2327,4
2328,2328,2
2329,2329,4
2330,2330,5
2331,2331,4
2332,2332,5
2333,2333,4
2334,2334,5
2335,2335,0
2336,2336,0
2337,2337,0
2338,2338,6
2339,2339,1
2340,2340,0
2341,2341,3
2342,2342,4
2343,2343,3
2344,2344,0
2345,2345,4
2346,2346,4
2347,2347,5
2348,2348,3
2349,2349,0
2350,2350,4
2351,2351,0
2352,2352,0
2353,2353,5
2354,2354,4
2355,2355,0
2356,2356,4
2357,2357,0
2358,2358,0
2359,2359,6
2360,2360,4
2361,2361,5
2362,2362,3
2363,2363,5
2364,2364,6
2365,2365,1
2366,2366,3
2367,2367,4
2368,2368,2
2369,2369,6
2370,2370,0
2371,2371,6
2372,2372,6
2373,2373,0
2374,2374,0
2375,2375,3
2376,2376,0
2377,2377,3
2378,2378,0
2379,2379,5
2380,2380,3
2381,2381,0
2382,2382,0
2383,2383,0
2384,2384,3
2385,2385,0
2386,2386,0
2387,2387,0
2388,2388,0
2389,2389,3
2390,2390,0
2391,2391,4
2392,2392,5
2393,2393,0
2394,2394,0
2395,2395,6
2396,2396,5
2397,2397,0
2398,2398,6
2399,2399,6
2400,2400,0
2401,2401,3
2402,2402,5
2403,2403,6
2404,2404,3
2405,2405,0
2406,2406,2
2407,2407,5
2408,2408,2
2409,2409,0
2410,2410,0
2411,2411,2
2412,2412,2
2413,2413,0
2414,2414,0
2415,2415,6
2416,2416,3
2417,2417,3
2418,2418,4
2419,2419,3
2420,2420,3
2421,2421,3
2422,2422,0
2423,2423,4
2424,2424,1
2425,2425,3
2426,2426,1
2427,2427,0
2428,2428,3
2429,2429,5
2430,2430,2
2431,2431,1
2432,2432,2
2433,2433,0
2434,2434,3
2435,2435,0
2436,2436,1
2437,2437,2
2438,2438,0
2439,2439,0
2440,2440,0
2441,2441,1
2442,2442,2
2443,2443,3
2444,2444,2
2445,2445,0
2446,2446,5
2447,2447,6
2448,2448,0
2449,2449,1
2450,2450,1
2451,2451,5
2452,2452,0
2453,2453,2
2454,2454,0
2455,2455,4
2456,2456,3
2457,2457,0
2458,2458,3
2459,2459,0
2460,2460,3
2461,2461,3
2462,2462,3
2463,2463,3
2464,2464,3
2465,2465,6
2466,2466,6
2467,2467,4
2468,2468,3
2469,2469,0
2470,2470,5
2471,2471,6
2472,2472,2
2473,2473,6
2474,2474,3
2475,2475,4
2476,2476,4
2477,2477,0
2478,2478,5
2479,2479,5
2480,2480,2
2481,2481,4
2482,2482,6
2483,2483,4
2484,2484,6
2485,2485,2
2486,2486,0
2487,2487,4
2488,2488,3
2489,2489,6
2490,2490,5
2491,2491,0
2492,2492,3
2493,2493,1
2494,2494,2
2495,2495,4
2496,2496,0
2497,2497,0
2498,2498,0
2499,2499,0
2500,2500,0
2501,2501,0
2502,2502,6
2503,2503,0
2504,2504,5
2505,2505,0
2506,2506,3
2507,2507,0
2508,2508,4
2509,2509,4
2510,2510,3
2511,2511,4
2512,2512,5
2513,2513,0
2514,2514,3
2515,2515,5
2516,2516,5
2517,2517,0
2518,2518,5
2519,2519,5
2520,2520,6
2521,2521,5
2522,2522,0
2523,2523,0
2524,2524,3
2525,2525,3
2526,2526,0
2527,2527,1
2528,2528,4
2529,2529,3
2530,2530,0
2531,2531,3
2532,2532,3
2533,2533,0
2534,2534,1
2535,2535,0
2536,2536,2
2537,2537,0
2538,2538,0
2539,2539,1
2540,2540,0
2541,2541,5
2542,2542,0
2543,2543,3
2544,2544,6
2545,2545,0
2546,2546,3
2547,2547,6
2548,2548,4
2549,2549,0
2550,2550,1
2551,2551,2
2552,2552,0
2553,2553,0
2554,2554,5
2555,2555,4
2556,2556,6
2557,2557,0
2558,2558,3
2559,2559,3
2560,2560,4
2561,2561,3
2562,2562,0
2563,2563,5
2564,2564,5
2565,2565,6
2566,2566,3
2567,2567,0
2568,2568,6
2569,2569,0
2570,2570,0
2571,2571,0
2572,2572,0
2573,2573,3
2574,2574,0
2575,2575,3
2576,2576,0
2577,2577,3
2578,2578,3
2579,2579,0
2580,2580,4
2581,2581,6
2582,2582,0
2583,2583,4
2584,2584,0
2585,2585,6
2586,2586,2
2587,2587,1
2588,2588,3
2589,2589,1
2590,2590,3
2591,2591,1
2592,2592,3
2593,2593,6
2594,2594,0
2595,2595,0
2596,2596,3
2597,2597,6
2598,2598,5
2599,2599,0
2600,2600,5
2601,2601,0
2602,2602,1
2603,2603,0
2604,2604,5
2605,2605,6
2606,2606,0
2607,2607,6
2608,2608,0
2609,2609,1
2610,2610,0
2611,2611,0
2612,2612,0
2613,2613,5
2614,2614,6
2615,2615,0
2616,2616,6
2617,2617,1
2618,2618,4
2619,2619,0
2620,2620,3
2621,2621,0
2622,2622,6
2623,2623,4
2624,2624,5
2625,2625,0
2626,2626,6
2627,2627,4
2628,2628,2
2629,2629,2
2630,2630,5
2631,2631,0
2632,2632,0
2633,2633,4
2634,2634,3
2635,2635,6
2636,2636,1
2637,2637,5
2638,2638,5
2639,2639,0
2640,2640,1
2641,2641,5
2642,2642,0
2643,2643,5
2644,2644,4
2645,2645,6
2646,2646,5
2647,2647,2
2648,2648,0
2649,2649,1
2650,2650,1
2651,2651,4
2652,2652,6
2653,2653,4
2654,2654,3
2655,2655,2
2656,2656,6
2657,2657,4
2658,2658,6
2659,2659,5
2660,2660,3
2661,2661,3
2662,2662,0
2663,2663,1
2664,2664,5
2665,2665,6
2666,2666,2
2667,2667,5
2668,2668,1
2669,2669,3
2670,2670,0
2671,2671,0
2672,2672,0
2673,2673,5
2674,2674,0
2675,2675,4
2676,2676,0
2677,2677,3
2678,2678,0
2679,2679,3
2680,2680,0
2681,2681,0
2682,2682,3
2683,2683,0
2684,2684,0
2685,2685,4
2686,2686,0
2687,2687,2
2688,2688,5
2689,2689,4
2690,2690,4
2691,2691,0
2692,2692,6
2693,2693,3
2694,2694,4
2695,2695,4
2696,2696,4
2697,2697,3
2698,2698,3
2699,2699,3
2700,2700,3
2701,2701,0
2702,2702,5
2703,2703,5
2704,2704,5
2705,2705,5
2706,2706,6
2707,2707,0
